,code,word
0,0001,一
1,0002,丁
2,0003,七
3,0004,丈
4,0005,三
5,0006,上
6,0007,下
7,0008,不
8,0009,丐
9,0010,丑
10,0011,且
11,0012,丕
12,0013,世
13,0014,丙
14,0015,丞
15,0016,丢
16,0017,並
17,0018,丏
18,0019,丨
19,0020,个
20,0021,丫
21,0022,中
22,0023,丰
23,0025,串
24,0026,锕
25,0027,丶
26,0028,锿
27,0029,丸
28,0030,丹
29,0031,主
30,0032,砹
31,0033,丿
32,0034,乂
33,0035,乃
34,0036,久
35,0037,之
36,0038,乍
37,0039,乎
38,0040,乏
39,0041,乖
40,0042,乘
41,0043,桉
42,0044,乙
43,0045,乜
44,0046,九
45,0047,乞
46,0048,也
47,0050,乳
48,0051,乾
49,0052,乱
50,0053,凼
51,0054,亅
52,0055,了
53,0056,予
54,0057,事
55,0058,苯
56,0059,二
57,0060,于
58,0061,云
59,0062,互
60,0063,五
61,0064,井
62,0067,些
63,0068,亚
64,0069,亟
65,0070,吡
66,0071,亠
67,0072,亡
68,0073,亢
69,0074,交
70,0075,亥
71,0076,亦
72,0077,亨
73,0078,享
74,0079,京
75,0080,亭
76,0081,亮
77,0082,亳
78,0083,亶
79,0085,醭
80,0086,人
81,0087,什
82,0088,仁
83,0089,仃
84,0090,仄
85,0091,仆
86,0092,仇
87,0093,今
88,0094,介
89,0095,仍
90,0096,佣
91,0097,佬
92,0098,仔
93,0099,仕
94,0100,他
95,0101,仗
96,0102,付
97,0103,仙
98,0104,仝
99,0105,仞
100,0106,仡
101,0107,仟
102,0108,代
103,0109,令
104,0110,以
105,0111,仰
106,0112,仲
107,0113,仳
108,0114,仵
109,0115,件
110,0116,价
111,0117,任
112,0118,份
113,0119,仿
114,0120,企
115,0121,伉
116,0122,伊
117,0123,伋
118,0124,伍
119,0125,伎
120,0126,伏
121,0127,伐
122,0128,休
123,0129,伙
124,0130,伯
125,0131,估
126,0132,你
127,0133,伴
128,0134,伶
129,0135,伸
130,0136,伺
131,0137,伻
132,0138,似
133,0139,倮
134,0140,佃
135,0141,但
136,0143,位
137,0144,低
138,0145,住
139,0146,佐
140,0147,佑
141,0149,何
142,0150,佗
143,0151,余
144,0152,佘
145,0153,佚
146,0154,佛
147,0155,作
148,0156,佞
149,0157,佟
150,0158,佺
151,0160,佩
152,0161,伢
153,0162,佯
154,0163,佳
155,0165,佶
156,0166,佝
157,0167,佻
158,0168,佾
159,0169,使
160,0170,侃
161,0171,来
162,0172,侈
163,0173,例
164,0174,侍
165,0175,侏
166,0176,侑
167,0177,侔
168,0178,仑
169,0179,侗
170,0180,供
171,0181,依
172,0183,伕
173,0184,佰
174,0185,侮
175,0186,侯
176,0187,侵
177,0188,侣
178,0189,便
179,0191,促
180,0192,俄
181,0193,俊
182,0194,俎
183,0195,俏
184,0196,俐
185,0197,俑
186,0198,俗
187,0199,俘
188,0200,俚
189,0201,佡
190,0202,保
191,0203,俟
192,0204,侠
193,0205,俞
194,0206,俫
195,0207,信
196,0208,修
197,0209,俶
198,0210,伥
199,0211,働
200,0212,倌
201,0213,倬
202,0214,俯
203,0215,俱
204,0216,俳
205,0217,俵
206,0218,俸
207,0219,俺
208,0220,俾
209,0221,仓
210,0223,倍
211,0224,俩
212,0225,倏
213,0226,们
214,0227,倒
215,0229,倘
216,0230,候
217,0231,倚
218,0232,倜
219,0234,借
220,0235,倡
221,0237,值
222,0238,倥
223,0239,倦
224,0240,倨
225,0241,倩
226,0242,倪
227,0243,伦
228,0244,倭
229,0245,偈
230,0246,偎
231,0247,傻
232,0249,偃
233,0250,假
234,0251,伟
235,0252,偏
236,0253,偕
237,0254,做
238,0255,停
239,0256,健
240,0258,侧
241,0259,侦
242,0260,偶
243,0261,仫
244,0262,偷
245,0263,伧
246,0264,傀
247,0265,傅
248,0266,傍
249,0267,傑
250,0268,傒
251,0269,傈
252,0270,伞
253,0271,备
254,0275,催
255,0277,傲
256,0278,传
257,0279,伛
258,0280,债
259,0281,伤
260,0282,倾
261,0283,偻
262,0284,仅
263,0286,佥
264,0287,僳
265,0288,像
266,0291,僦
267,0292,偾
268,0294,侨
269,0296,僖
270,0297,僚
271,0298,伪
272,0299,侥
273,0300,僧
274,0301,僭
275,0302,僮
276,0304,僵
277,0306,僻
278,0308,仪
279,0309,侬
280,0310,亿
281,0311,儆
282,0312,侩
283,0313,俭
284,0314,傤
285,0316,僰
286,0317,儋
287,0318,儇
288,0319,傧
289,0320,儒
290,0321,俦
291,0322,侪
292,0326,偿
293,0327,优
294,0328,储
295,0330,俪
296,0331,傥
297,0332,俨
298,0334,儿
299,0335,兀
300,0336,允
301,0337,元
302,0338,兄
303,0339,充
304,0340,兆
305,0341,先
306,0342,光
307,0344,克
308,0345,兑
309,0346,免
310,0347,兔
311,0349,兕
312,0350,兖
313,0351,兜
314,0352,兢
315,0354,入
316,0355,内
317,0356,全
318,0357,两
319,0359,钚
320,0360,八
321,0361,公
322,0362,六
323,0363,兮
324,0364,共
325,0365,兵
326,0366,其
327,0367,具
328,0368,典
329,0369,兼
330,0370,冀
331,0371,糍
332,0372,冂
333,0373,冉
334,0374,册
335,0375,再
336,0376,冏
337,0377,冇
338,0379,冒
339,0380,冕
340,0381,镩
341,0382,冖
342,0383,冗
343,0385,冠
344,0386,冢
345,0387,冤
346,0388,冥
347,0389,幂
348,0390,耖
349,0391,冫
350,0392,冬
351,0393,冰
352,0394,冲
353,0395,冱
354,0396,冶
355,0397,冷
356,0398,冮
357,0399,冽
358,0400,况
359,0401,凄
360,0402,准
361,0403,净
362,0404,凉
363,0405,冼
364,0406,凋
365,0407,凌
366,0408,冻
367,0410,凑
368,0412,凛
369,0413,凝
370,0414,决
371,0415,几
372,0416,凡
373,0417,凭
374,0418,凯
375,0419,凳
376,0420,凰
377,0421,茌
378,0422,凵
379,0423,凶
380,0424,凸
381,0425,凹
382,0427,出
383,0428,函
384,0429,菪
385,0430,刀
386,0431,刁
387,0432,刃
388,0433,分
389,0434,切
390,0435,刈
391,0436,刊
392,0437,刎
393,0438,刑
394,0439,划
395,0440,刖
396,0441,列
397,0442,刨
398,0443,初
399,0444,删
400,0445,判
401,0446,别
402,0448,利
403,0449,剁
404,0450,刮
405,0451,到
406,0452,刲
407,0453,刳
408,0455,制
409,0456,刷
410,0457,券
411,0458,刹
412,0459,刺
413,0461,剃
414,0462,刭
415,0463,则
416,0465,削
417,0466,刻
418,0467,前
419,0468,剜
420,0469,剌
421,0470,剡
422,0471,剔
423,0472,剖
424,0473,刬
425,0474,刚
426,0475,剥
427,0476,剩
428,0477,剪
429,0478,剐
430,0479,副
431,0480,割
432,0481,剀
433,0482,创
434,0484,剽
435,0485,剿
436,0489,剧
437,0490,劈
438,0491,刘
439,0492,刽
440,0494,剑
441,0495,剂
442,0496,劓
443,0497,劘
444,0499,剅
445,0500,力
446,0501,功
447,0502,加
448,0503,劣
449,0504,助
450,0505,努
451,0506,劫
452,0507,劬
453,0508,劭
454,0509,効
455,0510,劻
456,0511,劾
457,0512,劼
458,0513,劲
459,0514,勃
460,0515,勐
461,0516,勇
462,0517,勉
463,0518,勍
464,0519,勒
465,0520,动
466,0521,勖
467,0522,勘
468,0523,务
469,0524,胜
470,0525,劳
471,0527,募
472,0528,势
473,0530,勤
474,0532,勚
475,0533,勰
476,0534,勳
477,0535,劢
478,0536,励
479,0537,勷
480,0538,劝
481,0539,锝
482,0540,勹
483,0541,勺
484,0542,匀
485,0543,勿
486,0545,包
487,0546,匈
488,0547,匊
489,0548,匍
490,0549,匏
491,0550,匐
492,0551,勾
493,0552,匕
494,0553,化
495,0554,北
496,0555,匙
497,0556,碲
498,0557,匚
499,0558,匜
500,0559,匝
501,0561,匠
502,0562,匡
503,0563,匣
504,0564,匪
505,0565,汇
506,0566,匮
507,0567,匦
508,0570,啶
509,0571,匸
510,0572,匹
511,0573,匾
512,0574,匿
513,0575,区
514,0576,铥
515,0577,十
516,0578,千
517,0579,廿
518,0580,卅
519,0581,升
520,0582,午
521,0583,卉
522,0584,半
523,0585,卑
524,0586,卒
525,0587,卓
526,0588,协
527,0589,南
528,0590,博
529,0592,卜
530,0593,卞
531,0594,占
532,0595,卡
533,0596,卣
534,0597,卦
535,0598,氡
536,0599,卩
537,0602,卯
538,0603,印
539,0604,危
540,0606,却
541,0607,卵
542,0608,卷
543,0609,卸
544,0610,卺
545,0612,卮
546,0613,即
547,0615,卿
548,0616,胨
549,0617,厂
550,0618,厄
551,0622,厘
552,0623,厍
553,0624,厚
554,0625,厝
555,0626,原
556,0627,厕
557,0628,厥
558,0630,厌
559,0631,厮
560,0632,厉
561,0633,厦
562,0634,胴
563,0635,厶
564,0637,去
565,0638,叁
566,0639,参
567,0641,塅
568,0642,又
569,0643,叉
570,0644,及
571,0645,友
572,0646,反
573,0647,叔
574,0648,取
575,0649,受
576,0650,叙
577,0651,叛
578,0652,叟
579,0654,丛
580,0655,叠
581,0656,口
582,0657,古
583,0658,句
584,0659,另
585,0660,叨
586,0661,叩
587,0662,只
588,0663,叫
589,0664,召
590,0665,叭
591,0666,叮
592,0667,叱
593,0668,可
594,0669,台
595,0670,史
596,0671,右
597,0672,叵
598,0673,叶
599,0674,司
600,0675,吁
601,0676,吃
602,0677,各
603,0678,合
604,0679,吉
605,0680,吊
606,0681,同
607,0682,名
608,0683,后
609,0684,吏
610,0685,吐
611,0686,向
612,0687,吓
613,0689,君
614,0690,吝
615,0691,吞
616,0692,吟
617,0693,吠
618,0694,否
619,0695,吩
620,0696,咐
621,0697,吆
622,0698,含
623,0699,吭
624,0700,吮
625,0701,呈
626,0702,吴
627,0703,吵
628,0704,呐
629,0705,吸
630,0706,吹
631,0707,告
632,0708,吻
633,0709,吼
634,0710,吾
635,0711,呀
636,0712,吕
637,0713,呃
638,0714,呆
639,0715,咂
640,0716,呢
641,0717,呦
642,0718,呋
643,0719,周
644,0720,咒
645,0721,吧
646,0722,呱
647,0724,味
648,0725,呵
649,0726,呶
650,0727,呷
651,0728,呻
652,0729,呼
653,0730,命
654,0731,咀
655,0732,咄
656,0733,咆
657,0734,咕
658,0735,和
659,0736,咎
660,0737,咏
661,0738,咋
662,0739,咖
663,0740,哎
664,0741,咤
665,0742,响
666,0743,咪
667,0744,咧
668,0745,咨
669,0746,咫
670,0747,咬
671,0748,咯
672,0749,咱
673,0750,咳
674,0752,咸
675,0754,咽
676,0755,哀
677,0756,品
678,0757,哂
679,0758,哄
680,0759,啊
681,0760,哇
682,0761,哈
683,0762,哉
684,0763,哪
685,0764,咿
686,0765,员
687,0766,哥
688,0767,唔
689,0768,哦
690,0769,哩
691,0770,哭
692,0771,哮
693,0772,哲
694,0773,哺
695,0774,哼
696,0775,哽
697,0776,哿
698,0777,唁
699,0778,唆
700,0780,唉
701,0781,唐
702,0782,唇
703,0783,哨
704,0784,啦
705,0785,唏
706,0786,售
707,0787,唯
708,0788,唱
709,0789,唳
710,0790,唾
711,0791,啁
712,0793,啄
713,0794,商
714,0795,问
715,0796,启
716,0797,啖
717,0798,啥
718,0799,啜
719,0800,哑
720,0801,唬
721,0802,啤
722,0803,啡
723,0804,啻
724,0805,啼
725,0806,喁
726,0807,喀
727,0808,喂
728,0809,喃
729,0810,善
730,0811,喆
731,0812,喇
732,0813,喈
733,0814,喉
734,0815,喊
735,0816,喏
736,0818,喋
737,0819,喑
738,0820,喘
739,0821,喙
740,0822,唤
741,0823,喜
742,0824,喝
743,0825,唧
744,0826,喧
745,0827,喻
746,0828,丧
747,0829,乔
748,0830,单
749,0831,啾
750,0832,喹
751,0833,嗅
752,0834,吗
753,0835,啬
754,0836,嗑
755,0837,嗓
756,0838,嗔
757,0839,呜
758,0840,嗪
759,0841,嗜
760,0842,嗟
761,0843,嗣
762,0844,嗤
763,0845,喔
764,0846,喟
765,0847,哟
766,0849,嗡
767,0850,呛
768,0851,嗉
769,0852,嗒
770,0853,喽
771,0855,叹
772,0856,嘈
773,0857,嘉
774,0858,嘏
775,0859,嘛
776,0860,唛
777,0862,啧
778,0863,尝
779,0864,嘘
780,0865,噻
781,0866,嚎
782,0867,嘎
783,0868,呕
784,0869,嗷
785,0870,嗽
786,0871,嗾
787,0872,嘬
788,0873,哗
789,0874,哔
790,0875,叽
791,0876,啸
792,0877,嘲
793,0878,嘴
794,0879,哓
795,0880,嘶
796,0881,嗥
797,0882,嘹
798,0883,嘻
799,0884,嘿
800,0886,噌
801,0887,噍
802,0888,噎
803,0889,噢
804,0891,噤
805,0892,器
806,0893,噩
807,0894,噪
808,0895,噫
809,0896,噬
810,0897,嗳
811,0898,哙
812,0899,喷
813,0900,噶
814,0901,哝
815,0902,哕
816,0903,吨
817,0904,噱
818,0905,咛
819,0906,嚅
820,0908,嚏
821,0909,啮
822,0910,嚚
823,0912,冁
824,0917,严
825,0918,咙
826,0919,嘤
827,0920,嚼
828,0921,啭
829,0922,嗫
830,0923,嚣
831,0924,嚷
832,0926,囊
833,0927,呓
834,0928,嘱
835,0930,叻
836,0931,囗
837,0932,回
838,0933,囚
839,0934,四
840,0935,囱
841,0936,因
842,0937,囤
843,0938,困
844,0939,囫
845,0940,囷
846,0941,囹
847,0942,固
848,0943,囿
849,0944,圃
850,0945,圄
851,0946,圈
852,0947,圉
853,0948,国
854,0950,囵
855,0951,圐
856,0952,圙
857,0953,围
858,0954,园
859,0955,圆
860,0956,图
861,0957,团
862,0958,圜
863,0960,土
864,0961,在
865,0962,圩
866,0963,圬
867,0964,圭
868,0965,圮
869,0966,地
870,0967,圻
871,0968,址
872,0969,圾
873,0970,坟
874,0971,均
875,0972,坊
876,0973,坍
877,0974,坎
878,0975,坏
879,0976,坐
880,0977,坑
881,0978,坂
882,0979,坌
883,0980,坡
884,0981,坤
885,0982,坦
886,0983,坭
887,0984,坩
888,0985,坷
889,0986,坼
890,0987,垂
891,0988,坪
892,0989,坫
893,0990,坰
894,0991,坳
895,0992,型
896,0993,垓
897,0994,坬
898,0995,垠
899,0996,垢
900,0997,垣
901,0998,垃
902,0999,坯
903,1000,垛
904,1001,坨
905,1002,埃
906,1003,埋
907,1004,城
908,1005,埒
909,1006,垮
910,1007,埏
911,1008,域
912,1009,埠
913,1010,垧
914,1011,埭
915,1012,垡
916,1013,执
917,1014,培
918,1015,基
919,1016,堂
920,1017,坚
921,1018,堆
922,1019,垩
923,1020,埤
924,1021,埴
925,1022,埵
926,1023,埸
927,1024,堃
928,1025,堙
929,1026,堞
930,1027,堡
931,1028,堠
932,1029,堤
933,1030,堪
934,1031,尧
935,1032,报
936,1033,埔
937,1034,场
938,1035,堵
939,1036,埝
940,1037,堰
941,1038,垾
942,1039,塍
943,1040,块
944,1041,茔
945,1042,塌
946,1043,塑
947,1044,塔
948,1045,墓
949,1046,塚
950,1048,塘
951,1049,塞
952,1050,填
953,1051,坞
954,1052,垲
955,1053,埙
956,1054,埘
957,1055,堼
958,1056,坝
959,1057,尘
960,1058,堑
961,1060,塾
962,1061,塂
963,1062,墀
964,1063,墁
965,1064,境
966,1065,墅
967,1066,墉
968,1067,垫
969,1068,墄
970,1069,埫
971,1071,坠
972,1073,增
973,1074,墟
974,1075,墨
975,1076,墩
976,1077,堕
977,1080,塄
978,1081,塆
979,1082,墈
980,1083,垦
981,1084,壁
982,1085,壅
983,1086,坛
984,1089,壑
985,1090,压
986,1091,壕
987,1093,垒
988,1094,圹
989,1096,垄
990,1097,垆
991,1099,壤
992,1101,圳
993,1102,士
994,1103,壬
995,1104,壮
996,1105,壹
997,1106,壶
998,1108,寿
999,1109,壸
1000,1110,椴
1001,1111,夂
1002,1112,夆
1003,1113,簖
1004,1114,夊
1005,1115,夏
1006,1116,砘
1007,1118,跺
1008,1119,夕
1009,1120,外
1010,1121,夙
1011,1122,多
1012,1123,夜
1013,1124,够
1014,1125,梦
1015,1126,夤
1016,1127,夥
1017,1128,婀
1018,1129,大
1019,1130,夭
1020,1131,天
1021,1132,太
1022,1133,夫
1023,1134,夬
1024,1135,央
1025,1136,失
1026,1137,夯
1027,1138,夷
1028,1139,夸
1029,1140,夹
1030,1141,奄
1031,1142,奇
1032,1143,奈
1033,1144,奉
1034,1145,奎
1035,1146,奏
1036,1147,奂
1037,1148,契
1038,1149,奔
1039,1150,奕
1040,1151,奓
1041,1152,套
1042,1153,奚
1043,1154,锇
1044,1155,奘
1045,1156,奠
1046,1158,奢
1047,1159,奥
1048,1160,奁
1049,1161,夺
1050,1162,奖
1051,1163,奭
1052,1164,奋
1053,1165,奀
1054,1166,女
1055,1167,奴
1056,1168,奶
1057,1169,奸
1058,1170,好
1059,1171,妁
1060,1172,如
1061,1173,妃
1062,1174,妄
1063,1175,妊
1064,1176,妒
1065,1177,妍
1066,1178,妓
1067,1179,妖
1068,1180,妗
1069,1181,妙
1070,1182,妆
1071,1183,妣
1072,1184,妤
1073,1185,妥
1074,1186,妨
1075,1187,妯
1076,1188,妹
1077,1189,妻
1078,1190,妾
1079,1191,姆
1080,1192,姊
1081,1193,始
1082,1194,姗
1083,1195,姐
1084,1196,姑
1085,1197,姒
1086,1198,姓
1087,1199,妲
1088,1200,妮
1089,1201,委
1090,1202,姚
1091,1203,姜
1092,1204,姝
1093,1207,姣
1094,1209,姥
1095,1210,姨
1096,1212,侄
1097,1213,姬
1098,1215,姻
1099,1216,娃
1100,1217,姿
1101,1218,威
1102,1219,娉
1103,1220,姮
1104,1222,娌
1105,1223,娑
1106,1224,娘
1107,1225,娱
1108,1226,娜
1109,1227,娟
1110,1228,娠
1111,1229,娣
1112,1230,娥
1113,1231,娩
1114,1232,娓
1115,1233,娼
1116,1234,姹
1117,1235,娶
1118,1236,娄
1119,1237,婆
1120,1238,婉
1121,1239,婊
1122,1240,婕
1123,1241,婚
1124,1242,婢
1125,1244,妇
1126,1245,婪
1127,1246,娅
1128,1247,她
1129,1248,妳
1130,1249,婼
1131,1250,婷
1132,1251,婺
1133,1252,媒
1134,1253,媚
1135,1254,媛
1136,1257,娲
1137,1260,媖
1138,1261,媳
1139,1262,媵
1140,1263,媸
1141,1264,媪
1142,1265,妈
1143,1266,媾
1144,1268,嫁
1145,1269,嫂
1146,1270,嫄
1147,1271,嫉
1148,1273,嫌
1149,1274,媲
1150,1276,嫖
1151,1277,妪
1152,1278,嫠
1153,1279,嫡
1154,1280,嫣
1155,1281,嫦
1156,1282,嫩
1157,1283,嫪
1158,1284,嫘
1159,1285,嫚
1160,1286,嫜
1161,1287,嫫
1162,1289,妫
1163,1290,娆
1164,1291,嬉
1165,1292,婵
1166,1293,娇
1167,1294,媭
1168,1295,嬖
1169,1296,嬗
1170,1297,嫱
1171,1298,嬛
1172,1299,嬴
1173,1300,嫔
1174,1301,嬷
1175,1303,嬲
1176,1305,婴
1177,1306,婶
1178,1307,孀
1179,1309,娈
1180,1310,妞
1181,1311,子
1182,1312,孑
1183,1313,孔
1184,1314,孕
1185,1315,孓
1186,1316,字
1187,1317,存
1188,1318,孚
1189,1319,孛
1190,1320,孜
1191,1321,孝
1192,1322,孟
1193,1323,季
1194,1324,孤
1195,1325,孥
1196,1326,孩
1197,1327,孙
1198,1328,孰
1199,1329,孱
1200,1330,孳
1201,1331,学
1202,1332,孺
1203,1334,孪
1204,1335,孵
1205,1336,宀
1206,1337,宁
1207,1338,它
1208,1339,宄
1209,1341,宅
1210,1342,宇
1211,1343,守
1212,1344,安
1213,1345,宋
1214,1346,完
1215,1347,宏
1216,1348,宓
1217,1349,宕
1218,1350,宗
1219,1351,官
1220,1352,宙
1221,1353,定
1222,1354,宛
1223,1355,宜
1224,1356,客
1225,1357,宣
1226,1358,室
1227,1359,宥
1228,1360,宦
1229,1361,宬
1230,1362,宫
1231,1363,宰
1232,1364,害
1233,1365,宴
1234,1366,宵
1235,1367,家
1236,1368,宸
1237,1369,容
1238,1372,宿
1239,1374,寂
1240,1376,寄
1241,1377,寅
1242,1378,密
1243,1379,寇
1244,1381,富
1245,1382,寐
1246,1383,寒
1247,1384,寓
1248,1389,寞
1249,1390,察
1250,1391,寡
1251,1392,寝
1252,1393,寤
1253,1394,寥
1254,1395,实
1255,1396,寨
1256,1399,审
1257,1400,写
1258,1401,宽
1259,1402,寮
1260,1403,寰
1261,1404,宠
1262,1405,宝
1263,1406,宧
1264,1407,寸
1265,1408,寺
1266,1409,封
1267,1410,射
1268,1411,尅
1269,1412,将
1270,1413,专
1271,1414,尉
1272,1415,尊
1273,1416,寻
1274,1417,对
1275,1418,导
1276,1419,蒽
1277,1420,小
1278,1421,少
1279,1422,尔
1280,1423,尖
1281,1424,尚
1282,1427,尕
1283,1428,尢
1284,1429,尤
1285,1431,尪
1286,1432,就
1287,1433,尰
1288,1434,尴
1289,1435,尬
1290,1436,铒
1291,1437,尸
1292,1438,尹
1293,1439,尺
1294,1440,尻
1295,1441,尼
1296,1442,尾
1297,1443,尿
1298,1444,局
1299,1445,屁
1300,1446,居
1301,1447,届
1302,1448,屈
1303,1449,屉
1304,1450,屋
1305,1452,屎
1306,1453,屐
1307,1454,屑
1308,1455,展
1309,1456,屏
1310,1457,屝
1311,1458,屠
1312,1459,屡
1313,1460,屣
1314,1461,层
1315,1462,履
1316,1464,屦
1317,1466,属
1318,1468,砩
1319,1469,屮
1320,1470,屯
1321,1471,岳
1322,1472,山
1323,1473,屹
1324,1474,屺
1325,1475,峁
1326,1476,岌
1327,1477,岐
1328,1478,岑
1329,1479,岔
1330,1480,峿
1331,1481,冈
1332,1482,岢
1333,1483,岈
1334,1484,岩
1335,1485,岫
1336,1486,岱
1337,1487,岵
1338,1488,岷
1339,1489,岸
1340,1490,岣
1341,1491,峒
1342,1492,峙
1343,1493,峋
1344,1494,峨
1345,1495,峭
1346,1496,峰
1347,1497,岛
1348,1498,峻
1349,1499,峡
1350,1500,峓
1351,1501,岘
1352,1502,峪
1353,1503,崃
1354,1504,崇
1355,1505,崎
1356,1506,岽
1357,1507,崑
1358,1508,崔
1359,1509,崖
1360,1510,崙
1361,1511,岗
1362,1512,崛
1363,1513,峥
1364,1514,崩
1365,1515,崚
1366,1516,崧
1367,1517,崦
1368,1518,嵇
1369,1519,崆
1370,1520,嵋
1371,1521,嵫
1372,1522,嵊
1373,1523,嵌
1374,1524,峧
1375,1525,嵎
1376,1526,岚
1377,1527,崀
1378,1528,崅
1379,1529,嵩
1380,1530,嵝
1381,1531,嵬
1382,1532,嵯
1383,1533,崌
1384,1534,嶂
1385,1535,崭
1386,1536,岖
1387,1537,嶒
1388,1538,嵚
1389,1539,嵘
1390,1540,峤
1391,1541,崤
1392,1542,峄
1393,1543,嶙
1394,1544,嶷
1395,1545,岭
1396,1546,屿
1397,1547,崾
1398,1548,巉
1399,1549,嵛
1400,1550,巍
1401,1551,峦
1402,1552,嶅
1403,1553,巅
1404,1554,巖
1405,1555,崂
1406,1556,巛
1407,1557,川
1408,1558,州
1409,1559,巡
1410,1560,巢
1411,1561,镄
1412,1562,工
1413,1563,左
1414,1564,巧
1415,1565,巨
1416,1566,巫
1417,1567,差
1418,1568,酚
1419,1569,己
1420,1570,巳
1421,1571,已
1422,1572,巴
1423,1574,巷
1424,1575,巽
1425,1576,钆
1426,1577,巾
1427,1578,币
1428,1579,市
1429,1580,布
1430,1581,帆
1431,1582,帋
1432,1583,帑
1433,1584,帕
1434,1585,希
1435,1586,帖
1436,1587,帗
1437,1588,帘
1438,1589,帙
1439,1590,帚
1440,1591,帛
1441,1592,帔
1442,1593,帝
1443,1594,帡
1444,1596,帅
1445,1597,师
1446,1598,席
1447,1599,帨
1448,1600,帐
1449,1601,带
1450,1602,帷
1451,1603,常
1452,1604,帽
1453,1605,帏
1454,1606,幄
1455,1607,幅
1456,1608,帧
1457,1610,幌
1458,1611,幔
1459,1612,幕
1460,1613,帼
1461,1614,帻
1462,1615,帜
1463,1616,幡
1464,1617,幢
1465,1619,幪
1466,1620,帮
1467,1621,帱
1468,1625,幛
1469,1626,干
1470,1627,平
1471,1628,年
1472,1629,并
1473,1630,幸
1474,1632,矸
1475,1633,幺
1476,1634,幻
1477,1635,幼
1478,1636,幽
1479,1638,酐
1480,1639,广
1481,1640,庀
1482,1641,庹
1483,1642,庇
1484,1643,床
1485,1644,庋
1486,1645,序
1487,1646,底
1488,1647,庖
1489,1648,店
1490,1649,庚
1491,1650,府
1492,1651,庠
1493,1652,庥
1494,1653,度
1495,1654,座
1496,1655,库
1497,1656,庭
1498,1658,庵
1499,1659,庶
1500,1660,康
1501,1661,庸
1502,1662,庾
1503,1666,厢
1504,1668,廑
1505,1669,廈
1506,1670,廉
1507,1671,廊
1508,1672,廋
1509,1673,厩
1510,1674,廓
1511,1675,廖
1512,1676,厨
1513,1679,廛
1514,1680,庙
1515,1682,庑
1516,1683,废
1517,1685,廨
1518,1686,廪
1519,1687,庐
1520,1689,厅
1521,1690,庞
1522,1691,锆
1523,1692,廴
1524,1693,延
1525,1694,廷
1526,1696,建
1527,1699,廾
1528,1701,弁
1529,1702,弄
1530,1704,弈
1531,1705,弊
1532,1706,茛
1533,1707,弋
1534,1708,弍
1535,1709,式
1536,1710,弑
1537,1711,瀔
1538,1712,弓
1539,1714,引
1540,1715,弗
1541,1716,弛
1542,1717,弟
1543,1718,弢
1544,1720,弦
1545,1721,弧
1546,1722,弩
1547,1725,弭
1548,1726,弱
1549,1728,张
1550,1730,强
1551,1732,弼
1552,1733,彀
1553,1734,弹
1554,1736,弥
1555,1737,弯
1556,1738,弘
1557,1739,彐
1558,1740,彖
1559,1741,彗
1560,1742,彘
1561,1744,彝
1562,1745,彟
1563,1746,臌
1564,1747,彡
1565,1748,形
1566,1749,彤
1567,1750,彦
1568,1751,彧
1569,1752,彩
1570,1753,彪
1571,1755,彬
1572,1756,彭
1573,1757,彰
1574,1758,影
1575,1759,彨
1576,1760,铪
1577,1761,彳
1578,1762,彷
1579,1763,役
1580,1764,彼
1581,1766,往
1582,1767,征
1583,1768,徂
1584,1769,待
1585,1770,徇
1586,1771,很
1587,1772,徉
1588,1773,徊
1589,1774,律
1590,1776,徐
1591,1777,径
1592,1778,徒
1593,1779,得
1594,1780,徘
1595,1781,徙
1596,1782,徜
1597,1783,从
1598,1784,徕
1599,1785,御
1600,1787,徨
1601,1788,复
1602,1789,循
1603,1790,徬
1604,1791,徭
1605,1792,微
1606,1793,徯
1607,1794,徵
1608,1795,德
1609,1796,彻
1610,1797,徼
1611,1798,徽
1612,1799,焓
1613,1800,心
1614,1801,必
1615,1802,忉
1616,1803,忌
1617,1804,忍
1618,1805,忒
1619,1806,忖
1620,1807,志
1621,1808,忘
1622,1809,忐
1623,1810,忑
1624,1811,忙
1625,1812,忝
1626,1813,忠
1627,1814,忡
1628,1815,恬
1629,1816,快
1630,1817,忭
1631,1818,忮
1632,1819,念
1633,1820,忱
1634,1821,忸
1635,1822,忤
1636,1823,忻
1637,1824,忽
1638,1825,忿
1639,1826,怍
1640,1827,怎
1641,1828,怏
1642,1829,怒
1643,1830,怕
1644,1831,怖
1645,1832,怗
1646,1833,怙
1647,1834,怛
1648,1835,思
1649,1836,怠
1650,1837,怡
1651,1838,急
1652,1839,怦
1653,1840,性
1654,1841,怨
1655,1842,怩
1656,1843,怪
1657,1844,怫
1658,1845,怯
1659,1847,怵
1660,1849,您
1661,1850,怔
1662,1851,恁
1663,1852,恂
1664,1853,恃
1665,1854,恒
1666,1855,惦
1667,1857,恍
1668,1858,恐
1669,1859,恕
1670,1860,恙
1671,1861,恚
1672,1862,恝
1673,1863,恢
1674,1864,恣
1675,1865,恤
1676,1867,恧
1677,1868,恨
1678,1869,恩
1679,1870,恪
1680,1871,恫
1681,1872,恭
1682,1873,息
1683,1874,恰
1684,1875,悃
1685,1877,悄
1686,1878,悦
1687,1879,悌
1688,1880,悍
1689,1881,悒
1690,1882,悔
1691,1883,悖
1692,1884,悚
1693,1885,悉
1694,1886,悛
1695,1887,悝
1696,1888,悮
1697,1889,悟
1698,1890,悠
1699,1891,患
1700,1894,悱
1701,1896,悲
1702,1897,悴
1703,1898,怅
1704,1899,闷
1705,1900,悸
1706,1901,悻
1707,1902,悼
1708,1906,情
1709,1907,惆
1710,1908,惇
1711,1910,惑
1712,1911,惓
1713,1912,惕
1714,1913,惘
1715,1914,惙
1716,1915,惚
1717,1917,惜
1718,1919,惟
1719,1920,惠
1720,1921,恶
1721,1922,悰
1722,1923,惋
1723,1924,惰
1724,1925,恼
1725,1926,恽
1726,1927,想
1727,1928,惴
1728,1929,惶
1729,1931,惹
1730,1932,惺
1731,1933,恻
1732,1934,愀
1733,1935,愁
1734,1936,愆
1735,1937,愈
1736,1938,愉
1737,1940,愍
1738,1941,愎
1739,1942,意
1740,1944,愔
1741,1945,愕
1742,1946,愚
1743,1947,爱
1744,1948,惬
1745,1949,感
1746,1950,愠
1747,1951,愧
1748,1952,悫
1749,1953,愫
1750,1955,怆
1751,1956,恺
1752,1957,慎
1753,1958,忾
1754,1959,愿
1755,1960,恿
1756,1964,慈
1757,1965,慊
1758,1966,态
1759,1967,慌
1760,1969,慓
1761,1970,慕
1762,1971,惨
1763,1973,慝
1764,1974,惭
1765,1975,恸
1766,1976,慢
1767,1977,惯
1768,1979,慧
1769,1980,慨
1770,1981,怂
1771,1982,虑
1772,1983,慰
1773,1984,悭
1774,1986,慵
1775,1987,庆
1776,1988,慷
1777,1992,忧
1778,1994,惫
1779,1995,怜
1780,1997,憔
1781,1998,惮
1782,1999,憎
1783,2000,憝
1784,2001,愤
1785,2002,憧
1786,2003,憨
1787,2004,憩
1788,2005,憬
1789,2006,悯
1790,2007,怃
1791,2009,宪
1792,2011,忆
1793,2013,憾
1794,2016,懂
1795,2017,恳
1796,2018,懈
1797,2019,应
1798,2020,懊
1799,2021,懋
1800,2022,怿
1801,2023,懔
1802,2025,愦
1803,2029,怼
1804,2030,懑
1805,2032,懦
1806,2033,惩
1807,2034,懿
1808,2035,懵
1809,2036,懒
1810,2037,怀
1811,2038,悬
1812,2039,忏
1813,2040,惧
1814,2042,慑
1815,2043,恋
1816,2044,恹
1817,2045,戆
1818,2047,戈
1819,2048,戊
1820,2049,戌
1821,2050,戍
1822,2051,戎
1823,2052,成
1824,2053,我
1825,2054,戒
1826,2055,戋
1827,2056,戕
1828,2057,或
1829,2058,戚
1830,2059,戛
1831,2060,戟
1832,2061,戢
1833,2062,戥
1834,2063,戡
1835,2065,戬
1836,2066,截
1837,2067,戳
1838,2068,戮
1839,2069,战
1840,2070,戏
1841,2071,戴
1842,2072,戤
1843,2073,户
1844,2074,戾
1845,2075,房
1846,2076,所
1847,2077,戽
1848,2078,扁
1849,2079,扃
1850,2081,扆
1851,2082,扇
1852,2083,扈
1853,2084,扉
1854,2086,槲
1855,2087,手
1856,2088,才
1857,2089,扎
1858,2090,扑
1859,2091,扒
1860,2092,打
1861,2093,扔
1862,2094,托
1863,2095,扛
1864,2096,扠
1865,2097,拤
1866,2099,扣
1867,2100,扭
1868,2101,扮
1869,2102,扯
1870,2104,扳
1871,2105,扶
1872,2106,批
1873,2107,抵
1874,2108,扼
1875,2109,找
1876,2110,承
1877,2111,技
1878,2113,抄
1879,2115,抉
1880,2116,把
1881,2117,抑
1882,2118,抒
1883,2119,抓
1884,2121,投
1885,2122,抖
1886,2123,抗
1887,2124,折
1888,2125,抨
1889,2126,披
1890,2127,抬
1891,2128,抱
1892,2129,抿
1893,2130,抹
1894,2131,押
1895,2132,抽
1896,2133,拂
1897,2134,拄
1898,2135,拆
1899,2136,拇
1900,2137,担
1901,2138,拈
1902,2139,拉
1903,2140,拊
1904,2141,抛
1905,2142,拌
1906,2143,拍
1907,2145,拐
1908,2146,拎
1909,2147,拒
1910,2148,拓
1911,2149,拔
1912,2151,拖
1913,2152,拗
1914,2153,拘
1915,2154,拙
1916,2155,拚
1917,2156,招
1918,2157,拜
1919,2158,捂
1920,2159,拮
1921,2160,拭
1922,2161,括
1923,2162,拱
1924,2163,拯
1925,2164,拳
1926,2165,拴
1927,2166,拷
1928,2167,拽
1929,2168,拾
1930,2169,拿
1931,2170,持
1932,2171,挂
1933,2172,指
1934,2173,挈
1935,2174,按
1936,2175,挎
1937,2176,挑
1938,2177,挖
1939,2178,拼
1940,2179,挨
1941,2180,挪
1942,2181,挫
1943,2182,振
1944,2183,捅
1945,2184,挹
1946,2185,挺
1947,2186,挼
1948,2187,挽
1949,2188,挟
1950,2190,捆
1951,2191,捉
1952,2192,捋
1953,2193,捌
1954,2194,捍
1955,2195,掂
1956,2196,捐
1957,2197,挣
1958,2198,捕
1959,2199,挲
1960,2200,捎
1961,2201,捧
1962,2203,捩
1963,2204,扪
1964,2205,捺
1965,2206,捭
1966,2207,据
1967,2209,捱
1968,2211,捶
1969,2212,捷
1970,2213,揍
1971,2214,捻
1972,2216,掀
1973,2217,扫
1974,2218,掇
1975,2219,授
1976,2220,掉
1977,2221,掊
1978,2222,掌
1979,2223,掏
1980,2224,掎
1981,2225,掐
1982,2226,排
1983,2227,掖
1984,2228,掘
1985,2230,掠
1986,2232,探
1987,2233,掣
1988,2234,接
1989,2235,控
1990,2236,推
1991,2237,掩
1992,2238,措
1993,2239,掬
1994,2240,掯
1995,2241,抡
1996,2245,拣
1997,2246,揄
1998,2247,揆
1999,2248,揉
2000,2249,描
2001,2250,捏
2002,2251,提
2003,2252,插
2004,2253,揖
2005,2254,扬
2006,2255,换
2007,2257,揠
2008,2258,搽
2009,2259,握
2010,2260,揣
2011,2261,揩
2012,2262,揪
2013,2263,揭
2014,2264,挥
2015,2266,援
2016,2268,掾
2017,2269,搞
2018,2271,搧
2019,2275,损
2020,2276,搏
2021,2277,搒
2022,2278,搓
2023,2279,搔
2024,2280,摇
2025,2281,捣
2026,2282,搜
2027,2283,搠
2028,2286,搦
2029,2288,搪
2030,2289,搬
2031,2290,搭
2032,2291,搴
2033,2292,摔
2034,2293,抢
2035,2294,搐
2036,2296,掺
2037,2297,撂
2038,2298,摘
2039,2299,搂
2040,2300,撑
2041,2301,摧
2042,2302,摩
2043,2303,摭
2044,2304,挚
2045,2305,抠
2046,2306,抟
2047,2307,摸
2048,2308,摹
2049,2309,摺
2050,2310,掴
2051,2311,摒
2052,2313,撅
2053,2316,撩
2054,2317,撇
2055,2318,捞
2056,2320,撒
2057,2321,挠
2058,2322,撕
2059,2323,撙
2060,2326,撞
2061,2327,撤
2062,2328,拨
2063,2329,抚
2064,2330,播
2065,2331,撮
2066,2332,撰
2067,2334,撬
2068,2335,掼
2069,2336,攉
2070,2337,挞
2071,2338,撼
2072,2339,挝
2073,2340,拥
2074,2341,擂
2075,2342,掳
2076,2343,擅
2077,2344,择
2078,2345,击
2079,2346,挡
2080,2347,操
2081,2348,擎
2082,2349,拧
2083,2350,擒
2084,2352,擗
2085,2353,擘
2086,2355,撷
2087,2356,搀
2088,2357,挤
2089,2359,擢
2090,2361,擦
2091,2362,拟
2092,2363,摈
2093,2364,搁
2094,2365,撵
2095,2366,擭
2096,2367,掷
2097,2368,扩
2098,2369,摆
2099,2370,擞
2100,2371,扰
2101,2372,攀
2102,2373,摅
2103,2374,拦
2104,2375,撄
2105,2376,攘
2106,2377,携
2107,2378,摄
2108,2379,拢
2109,2380,攒
2110,2381,挛
2111,2382,摊
2112,2383,搅
2113,2384,攫
2114,2385,揽
2115,2387,拃
2116,2388,支
2117,2390,塃
2118,2391,攴
2119,2392,收
2120,2394,攸
2121,2395,改
2122,2396,攻
2123,2397,放
2124,2398,政
2125,2399,故
2126,2400,效
2127,2401,敉
2128,2403,教
2129,2404,敏
2130,2405,救
2131,2406,敕
2132,2407,敖
2133,2408,败
2134,2411,敝
2135,2412,敞
2136,2413,敢
2137,2414,散
2138,2415,敦
2139,2416,夐
2140,2417,敬
2141,2418,敲
2142,2419,整
2143,2420,敌
2144,2421,敷
2145,2422,数
2146,2425,敛
2147,2426,毙
2148,2427,敩
2149,2429,文
2150,2430,斌
2151,2431,斐
2152,2432,斑
2153,2433,斓
2154,2434,蟥
2155,2435,斗
2156,2436,料
2157,2437,斛
2158,2438,斜
2159,2439,斝
2160,2440,斟
2161,2441,斡
2162,2442,斢
2163,2443,斤
2164,2444,斥
2165,2445,斧
2166,2446,斨
2167,2447,斩
2168,2448,斯
2169,2450,新
2170,2451,断
2171,2455,方
2172,2456,於
2173,2457,施
2174,2459,旎
2175,2460,旁
2176,2461,旂
2177,2462,旃
2178,2463,旄
2179,2464,旅
2180,2465,旆
2181,2467,旋
2182,2468,旌
2183,2469,族
2184,2470,旖
2185,2471,旒
2186,2475,旗
2187,2476,烩
2188,2477,无
2189,2478,既
2190,2480,日
2191,2481,旦
2192,2482,旨
2193,2483,早
2194,2484,旬
2195,2485,旭
2196,2486,旰
2197,2487,旱
2198,2488,晒
2199,2489,旺
2200,2490,昌
2201,2491,昂
2202,2492,昆
2203,2493,昃
2204,2494,明
2205,2495,昏
2206,2496,易
2207,2497,昔
2208,2498,晗
2209,2499,昉
2210,2500,昕
2211,2501,昝
2212,2502,星
2213,2503,映
2214,2504,春
2215,2505,昧
2216,2506,昨
2217,2507,昭
2218,2508,是
2219,2509,昱
2220,2510,昴
2221,2511,昵
2222,2512,昶
2223,2513,晁
2224,2514,时
2225,2515,晃
2226,2516,晋
2227,2517,晌
2228,2518,晏
2229,2519,晚
2230,2520,晢
2231,2521,昼
2232,2522,晞
2233,2523,晡
2234,2524,晤
2235,2525,晨
2236,2526,晦
2237,2527,暎
2238,2528,普
2239,2529,景
2240,2530,晰
2241,2531,晳
2242,2532,晴
2243,2533,晶
2244,2534,晷
2245,2535,智
2246,2536,晬
2247,2537,暄
2248,2538,暇
2249,2539,暍
2250,2540,暑
2251,2541,暖
2252,2542,暗
2253,2543,旸
2254,2544,暝
2255,2545,畅
2256,2546,晕
2257,2547,晖
2258,2548,暂
2259,2549,旻
2260,2550,暮
2261,2552,暴
2262,2554,暹
2263,2555,暨
2264,2556,晓
2265,2557,暾
2266,2560,昙
2267,2562,曙
2268,2564,曛
2269,2565,曜
2270,2566,曝
2271,2568,旷
2272,2569,曦
2273,2570,昽
2274,2571,曩
2275,2573,昇
2276,2574,曰
2277,2575,曲
2278,2576,曳
2279,2577,更
2280,2578,曷
2281,2579,书
2282,2580,曹
2283,2581,曼
2284,2582,曾
2285,2583,替
2286,2584,最
2287,2585,会
2288,2588,月
2289,2589,有
2290,2590,朋
2291,2591,服
2292,2592,朔
2293,2593,朐
2294,2594,朓
2295,2596,朕
2296,2597,朗
2297,2598,望
2298,2600,朝
2299,2601,期
2300,2603,朦
2301,2604,胧
2302,2605,耠
2303,2606,木
2304,2607,未
2305,2608,末
2306,2609,本
2307,2610,札
2308,2611,术
2309,2612,朱
2310,2613,朴
2311,2614,朵
2312,2615,朽
2313,2616,杆
2314,2617,杈
2315,2618,杷
2316,2619,杉
2317,2620,杌
2318,2621,李
2319,2622,杏
2320,2623,机
2321,2624,材
2322,2625,村
2323,2626,杓
2324,2627,杖
2325,2628,柈
2326,2629,杜
2327,2630,杞
2328,2631,束
2329,2632,梠
2330,2633,栓
2331,2634,杪
2332,2635,杭
2333,2636,柿
2334,2637,杯
2335,2638,杰
2336,2639,东
2337,2640,杲
2338,2641,杳
2339,2642,朿
2340,2643,杵
2341,2644,棵
2342,2645,杼
2343,2646,松
2344,2647,板
2345,2648,枉
2346,2649,析
2347,2650,枕
2348,2651,林
2349,2652,枙
2350,2653,枚
2351,2654,果
2352,2655,枝
2353,2657,枇
2354,2658,枋
2355,2660,枘
2356,2661,枯
2357,2663,枳
2358,2664,枵
2359,2665,架
2360,2666,枷
2361,2667,枸
2362,2670,柁
2363,2671,柄
2364,2672,柏
2365,2673,某
2366,2674,柑
2367,2675,柒
2368,2676,染
2369,2677,柔
2370,2678,柘
2371,2679,柙
2372,2680,柚
2373,2681,柜
2374,2682,柝
2375,2683,柞
2376,2685,柢
2377,2686,查
2378,2687,柬
2379,2688,柯
2380,2689,柮
2381,2690,柰
2382,2691,柱
2383,2692,柳
2384,2693,柴
2385,2694,栅
2386,2695,枰
2387,2697,樋
2388,2698,栗
2389,2699,校
2390,2700,栩
2391,2701,株
2392,2702,核
2393,2704,根
2394,2705,槾
2395,2706,格
2396,2707,栽
2397,2708,桀
2398,2709,桁
2399,2710,桂
2400,2711,桃
2401,2712,桅
2402,2713,框
2403,2714,案
2404,2715,桌
2405,2716,桎
2406,2717,桐
2407,2718,桑
2408,2719,桓
2409,2720,桔
2410,2721,桕
2411,2722,栖
2412,2723,栲
2413,2724,栳
2414,2725,桄
2415,2726,桫
2416,2727,桴
2417,2729,桶
2418,2730,桷
2419,2732,梃
2420,2733,梁
2421,2734,梅
2422,2735,梆
2423,2736,梏
2424,2737,梓
2425,2738,栀
2426,2739,梗
2427,2742,条
2428,2743,枭
2429,2744,梢
2430,2745,梧
2431,2746,梨
2432,2747,梭
2433,2748,梯
2434,2749,梱
2435,2750,械
2436,2751,棁
2437,2752,梳
2438,2753,梵
2439,2756,桯
2440,2757,弃
2441,2758,棉
2442,2759,棋
2443,2760,棍
2444,2761,棒
2445,2762,棕
2446,2763,枨
2447,2764,枣
2448,2765,棘
2449,2766,棚
2450,2767,栋
2451,2768,棠
2452,2769,棣
2453,2770,栈
2454,2771,棫
2455,2772,棬
2456,2773,森
2457,2774,棰
2458,2775,楦
2459,2777,棹
2460,2778,棺
2461,2779,椁
2462,2780,棻
2463,2781,棼
2464,2783,椅
2465,2784,植
2466,2785,椎
2467,2786,椒
2468,2787,棐
2469,2788,棓
2470,2789,棱
2471,2790,棨
2472,2791,椐
2473,2792,椓
2474,2794,椰
2475,2795,椹
2476,2796,椽
2477,2797,椿
2478,2799,杨
2479,2800,枫
2480,2801,楔
2481,2802,栉
2482,2806,楚
2483,2807,楞
2484,2808,楝
2485,2809,楠
2486,2810,榆
2487,2811,楢
2488,2812,楣
2489,2813,楫
2490,2814,业
2491,2815,楯
2492,2816,楮
2493,2817,极
2494,2818,楷
2495,2819,楹
2496,2822,槠
2497,2823,桢
2498,2824,楩
2499,2825,楸
2500,2826,榔
2501,2827,榕
2502,2828,榖
2503,2829,榘
2504,2830,榛
2505,2831,榜
2506,2833,榧
2507,2834,榨
2508,2835,榫
2509,2836,榭
2510,2837,荣
2511,2838,榱
2512,2839,榴
2513,2840,榻
2514,2841,榾
2515,2842,槁
2516,2843,槅
2517,2844,槊
2518,2845,构
2519,2846,槌
2520,2847,枪
2521,2848,槎
2522,2849,槐
2523,2854,榷
2524,2855,榼
2525,2856,樑
2526,2858,椠
2527,2861,概
2528,2862,桨
2529,2863,槔
2530,2864,槽
2531,2865,槿
2532,2866,桩
2533,2867,乐
2534,2868,樊
2535,2869,楼
2536,2870,橦
2537,2871,标
2538,2873,枢
2539,2874,樟
2540,2875,模
2541,2876,样
2542,2877,槥
2543,2878,枞
2544,2880,樗
2545,2882,檩
2546,2884,樵
2547,2885,树
2548,2886,樽
2549,2887,樾
2550,2888,橄
2551,2889,桡
2552,2890,桥
2553,2891,橐
2554,2892,橙
2555,2893,橛
2556,2895,橡
2557,2897,横
2558,2898,樨
2559,2899,柠
2560,2900,椭
2561,2901,桦
2562,2903,檖
2563,2904,橘
2564,2905,檀
2565,2906,柽
2566,2907,檄
2567,2908,檐
2568,2909,档
2569,2910,桧
2570,2911,槚
2571,2913,檠
2572,2914,检
2573,2915,樯
2574,2916,檬
2575,2917,梼
2576,2919,槟
2577,2920,槛
2578,2924,橹
2579,2925,榈
2580,2927,椟
2581,2928,橼
2582,2929,栎
2583,2931,枥
2584,2932,榇
2585,2933,棂
2586,2934,栊
2587,2936,栏
2588,2937,樱
2589,2938,权
2590,2940,栾
2591,2941,榄
2592,2943,柩
2593,2944,欠
2594,2945,次
2595,2946,欣
2596,2948,欲
2597,2949,款
2598,2950,欷
2599,2951,欹
2600,2952,欺
2601,2953,钦
2602,2955,歃
2603,2956,歆
2604,2957,歇
2605,2959,歉
2606,2960,歌
2607,2962,欧
2608,2963,歔
2609,2965,歙
2610,2968,欤
2611,2970,欢
2612,2972,止
2613,2973,正
2614,2974,此
2615,2975,步
2616,2976,武
2617,2977,歪
2618,2978,歧
2619,2979,岁
2620,2980,历
2621,2981,归
2622,2982,钬
2623,2983,歹
2624,2984,死
2625,2985,殁
2626,2987,殂
2627,2988,殃
2628,2989,殄
2629,2990,殆
2630,2991,殉
2631,2992,殊
2632,2993,殍
2633,2994,殖
2634,2995,残
2635,2996,殕
2636,2997,殛
2637,2998,殒
2638,2999,殇
2639,3000,殚
2640,3002,殪
2641,3003,殓
2642,3004,殡
2643,3005,歼
2644,3006,镓
2645,3007,殳
2646,3008,段
2647,3009,殷
2648,3010,杀
2649,3013,殿
2650,3014,毁
2651,3015,毅
2652,3016,殴
2653,3017,椵
2654,3018,母
2655,3019,毋
2656,3020,每
2657,3021,毒
2658,3022,毓
2659,3024,比
2660,3025,毖
2661,3026,毗
2662,3028,鲣
2663,3029,毛
2664,3030,毡
2665,3032,毫
2666,3034,毯
2667,3035,毳
2668,3036,牦
2669,3037,氅
2670,3039,毹
2671,3042,氍
2672,3044,氏
2673,3045,氐
2674,3046,民
2675,3047,氓
2676,3048,氯
2677,3049,气
2678,3050,氛
2679,3052,氤
2680,3053,氲
2681,3054,浠
2682,3055,水
2683,3057,永
2684,3058,氾
2685,3059,汁
2686,3060,汀
2687,3061,求
2688,3063,汗
2689,3064,污
2690,3065,汛
2691,3066,汜
2692,3067,汝
2693,3068,江
2694,3069,池
2695,3070,汊
2696,3071,汐
2697,3072,汔
2698,3073,汕
2699,3074,汞
2700,3075,汨
2701,3076,汪
2702,3077,汰
2703,3078,汲
2704,3079,汴
2705,3080,汶
2706,3081,汹
2707,3083,汾
2708,3084,沁
2709,3085,沂
2710,3086,汽
2711,3087,沃
2712,3088,沈
2713,3089,沉
2714,3090,沌
2715,3092,沐
2716,3093,没
2717,3094,沔
2718,3095,沖
2719,3097,沙
2720,3098,沚
2721,3099,沛
2722,3100,沆
2723,3101,沓
2724,3102,汩
2725,3103,汭
2726,3104,沅
2727,3106,沫
2728,3107,沮
2729,3108,沱
2730,3109,河
2731,3110,沸
2732,3111,油
2733,3112,治
2734,3113,沼
2735,3114,沽
2736,3115,沾
2737,3116,沿
2738,3117,洺
2739,3118,泄
2740,3119,泵
2741,3120,泅
2742,3121,泔
2743,3122,泆
2744,3123,泉
2745,3124,泊
2746,3125,泌
2747,3126,泓
2748,3127,法
2749,3128,泗
2750,3129,洩
2751,3131,泛
2752,3132,泠
2753,3133,泡
2754,3134,波
2755,3135,泣
2756,3136,泥
2757,3137,注
2758,3138,泫
2759,3139,泯
2760,3140,泮
2761,3141,泰
2762,3142,泱
2763,3144,泳
2764,3145,沭
2765,3147,泐
2766,3148,泖
2767,3150,洄
2768,3151,浐
2769,3152,洋
2770,3153,浕
2771,3154,洎
2772,3155,洒
2773,3156,洗
2774,3157,洛
2775,3158,浉
2776,3159,洞
2777,3160,津
2778,3161,洧
2779,3162,汧
2780,3163,洪
2781,3164,洫
2782,3165,洮
2783,3166,洲
2784,3167,洱
2785,3168,洳
2786,3169,洵
2787,3170,浈
2788,3171,洸
2789,3172,活
2790,3173,洼
2791,3174,洽
2792,3175,派
2793,3176,洨
2794,3177,流
2795,3178,洙
2796,3179,洚
2797,3180,洹
2798,3181,浙
2799,3182,浚
2800,3183,浣
2801,3184,浦
2802,3185,浩
2803,3186,浪
2804,3187,浮
2805,3188,浴
2806,3189,海
2807,3190,浸
2808,3191,浃
2809,3192,浬
2810,3193,泾
2811,3194,消
2812,3195,涉
2813,3196,淳
2814,3197,涓
2815,3198,涔
2816,3199,涕
2817,3200,涞
2818,3201,涢
2819,3202,浡
2820,3203,浜
2821,3204,浥
2822,3205,涂
2823,3206,涅
2824,3207,湟
2825,3208,涑
2826,3209,涯
2827,3210,液
2828,3211,涵
2829,3212,涸
2830,3214,涿
2831,3215,淅
2832,3216,淆
2833,3217,淇
2834,3218,淋
2835,3219,淑
2836,3220,渊
2837,3221,淘
2838,3222,淙
2839,3223,泪
2840,3224,淝
2841,3225,淡
2842,3226,淤
2843,3227,淦
2844,3228,浄
2845,3229,沦
2846,3230,淫
2847,3231,淬
2848,3232,淮
2849,3233,浛
2850,3234,深
2851,3235,菏
2852,3236,混
2853,3237,清
2854,3238,淹
2855,3239,浅
2856,3240,添
2857,3241,涎
2858,3242,涪
2859,3243,涴
2860,3244,淀
2861,3245,淄
2862,3246,涠
2863,3247,淞
2864,3248,浯
2865,3249,涭
2866,3250,滧
2867,3251,涣
2868,3252,渚
2869,3253,減
2870,3254,渝
2871,3255,渠
2872,3256,渡
2873,3257,渣
2874,3258,渤
2875,3259,渥
2876,3260,涡
2877,3261,测
2878,3262,渭
2879,3263,港
2880,3265,渴
2881,3266,游
2882,3267,渺
2883,3268,浑
2884,3269,湃
2885,3270,湄
2886,3273,湍
2887,3274,湎
2888,3275,湖
2889,3276,湘
2890,3277,湛
2891,3279,湧
2892,3280,湫
2893,3281,湮
2894,3282,汤
2895,3283,湲
2896,3285,濉
2897,3288,湓
2898,3289,湔
2899,3290,湜
2900,3293,源
2901,3294,準
2902,3295,溵
2903,3296,溜
2904,3297,沟
2905,3298,溟
2906,3299,溠
2907,3300,溢
2908,3302,溥
2909,3303,溧
2910,3305,溪
2911,3306,温
2912,3307,溯
2913,3308,溱
2914,3309,溲
2915,3310,溶
2916,3311,溷
2917,3312,溺
2918,3314,溽
2919,3315,滁
2920,3316,滂
2921,3317,滃
2922,3318,沧
2923,3319,灭
2924,3320,滋
2925,3321,涤
2926,3322,荥
2927,3323,滑
2928,3324,滓
2929,3325,滔
2930,3326,滕
2931,3328,溘
2932,3329,滇
2933,3330,滘
2934,3333,滞
2935,3334,渗
2936,3336,滴
2937,3337,沪
2938,3338,浒
2939,3339,洑
2940,3340,滚
2941,3341,满
2942,3342,渔
2943,3343,漂
2944,3344,漆
2945,3345,漏
2946,3346,溉
2947,3347,漓
2948,3348,演
2949,3351,漠
2950,3352,汉
2951,3353,涟
2952,3354,漪
2953,3355,漫
2954,3356,渍
2955,3358,淌
2956,3359,漱
2957,3360,涨
2958,3361,漳
2959,3362,渐
2960,3363,漾
2961,3364,浆
2962,3367,滹
2963,3369,漉
2964,3370,溎
2965,3371,沤
2966,3372,漦
2967,3373,漩
2968,3374,漯
2969,3375,溆
2970,3376,漶
2971,3377,溇
2972,3378,漕
2973,3379,颍
2974,3380,泼
2975,3381,洁
2976,3382,潘
2977,3383,潜
2978,3384,潟
2979,3385,潢
2980,3386,涧
2981,3387,润
2982,3388,潦
2983,3389,潭
2984,3390,潮
2985,3391,溃
2986,3392,潼
2987,3393,潴
2988,3394,潸
2989,3395,潺
2990,3396,涩
2991,3397,澄
2992,3398,浇
2993,3399,涝
2994,3400,澈
2995,3401,澔
2996,3402,澌
2997,3403,澎
2998,3404,潖
2999,3405,澛
3000,3406,潞
3001,3410,浔
3002,3411,潵
3003,3412,澍
3004,3413,澂
3005,3415,沩
3006,3416,澡
3007,3419,泽
3008,3420,浍
3009,3421,澳
3010,3422,澹
3011,3423,激
3012,3424,浊
3013,3425,濂
3014,3426,浓
3015,3427,渑
3016,3429,滪
3017,3430,澧
3018,3433,澴
3019,3436,澶
3020,3437,澼
3021,3438,泞
3022,3440,湿
3023,3444,济
3024,3445,濠
3025,3446,濡
3026,3447,涛
3027,3448,滥
3028,3449,濬
3029,3450,濮
3030,3451,濯
3031,3452,潍
3032,3453,滨
3033,3454,泻
3034,3456,濞
3035,3457,溅
3036,3458,泺
3037,3459,滤
3038,3460,渎
3039,3461,浏
3040,3462,瀑
3041,3464,濒
3042,3466,瀚
3043,3467,瀛
3044,3468,沥
3045,3469,潇
3046,3471,濑
3047,3472,泸
3048,3474,瀣
3049,3475,瀼
3050,3477,瀍
3051,3478,泷
3052,3481,潋
3053,3482,澜
3054,3484,溁
3055,3485,瀹
3056,3487,灌
3057,3488,沣
3058,3490,滠
3059,3492,滩
3060,3493,灏
3061,3494,湾
3062,3495,滟
3063,3496,灞
3064,3497,滦
3065,3498,炸
3066,3499,火
3067,3500,灰
3068,3501,灶
3069,3502,灸
3070,3503,灿
3071,3504,灼
3072,3506,灾
3073,3507,炊
3074,3508,炎
3075,3509,炒
3076,3510,炕
3077,3511,炙
3078,3512,炘
3079,3513,炞
3080,3514,炫
3081,3515,炬
3082,3516,炭
3083,3517,炮
3084,3518,炯
3085,3520,炱
3086,3521,炳
3087,3522,炷
3088,3524,畑
3089,3525,烈
3090,3527,乌
3091,3529,烙
3092,3530,烘
3093,3531,烜
3094,3532,烝
3095,3533,烟
3096,3534,烹
3097,3535,烺
3098,3536,烽
3099,3537,焌
3100,3538,焙
3101,3539,焚
3102,3540,焜
3103,3542,焦
3104,3543,焰
3105,3544,然
3106,3546,焠
3107,3547,焉
3108,3548,煅
3109,3549,焊
3110,3550,炼
3111,3551,煊
3112,3552,煌
3113,3553,煎
3114,3554,煮
3115,3555,炜
3116,3556,熙
3117,3558,煜
3118,3559,煞
3119,3560,茕
3120,3561,煤
3121,3562,焕
3122,3563,煦
3123,3564,照
3124,3565,烦
3125,3566,煨
3126,3568,炀
3127,3569,煽
3128,3571,熄
3129,3574,熊
3130,3575,熏
3131,3576,荧
3132,3578,熟
3133,3579,熔
3134,3580,熨
3135,3581,熬
3136,3583,热
3137,3584,熠
3138,3585,颎
3139,3588,熹
3140,3589,炽
3141,3594,烫
3142,3595,燃
3143,3597,灯
3144,3598,燎
3145,3599,烧
3146,3600,燔
3147,3601,燕
3148,3602,营
3149,3603,燠
3150,3604,燥
3151,3606,燧
3152,3608,烛
3153,3610,燮
3154,3611,燹
3155,3612,烬
3156,3613,燿
3157,3614,焘
3158,3615,爆
3159,3617,烁
3160,3619,炉
3161,3620,烂
3162,3622,爝
3163,3623,爟
3164,3624,焮
3165,3625,炖
3166,3626,焖
3167,3627,爨
3168,3628,烤
3169,3629,爪
3170,3630,争
3171,3632,爬
3172,3633,爰
3173,3634,为
3174,3635,爵
3175,3636,睑
3176,3637,父
3177,3638,爹
3178,3639,爷
3179,3640,爸
3180,3641,爻
3181,3642,爽
3182,3644,趼
3183,3645,爿
3184,3647,牂
3185,3648,牁
3186,3650,藠
3187,3651,片
3188,3652,版
3189,3654,牌
3190,3655,牒
3191,3657,牖
3192,3658,牍
3193,3660,牙
3194,3661,肼
3195,3662,牛
3196,3663,牝
3197,3664,牟
3198,3665,牡
3199,3666,牢
3200,3667,牣
3201,3668,牧
3202,3670,物
3203,3672,牯
3204,3673,牲
3205,3674,犋
3206,3675,牷
3207,3676,特
3208,3677,牵
3209,3679,犀
3210,3680,犁
3211,3682,犍
3212,3683,犒
3213,3684,荦
3214,3685,犊
3215,3686,牺
3216,3689,犬
3217,3690,犯
3218,3691,犴
3219,3692,状
3220,3693,狂
3221,3694,狃
3222,3695,狄
3223,3696,狁
3224,3697,狎
3225,3698,狐
3226,3699,狗
3227,3700,狙
3228,3701,狡
3229,3703,狠
3230,3704,狩
3231,3705,狴
3232,3706,狸
3233,3707,狭
3234,3708,狼
3235,3709,狈
3236,3710,狻
3237,3711,狺
3238,3712,狷
3239,3713,狢
3240,3714,猁
3241,3715,猖
3242,3716,猗
3243,3717,狰
3244,3718,猛
3245,3719,猜
3246,3720,猝
3247,3721,猞
3248,3722,猊
3249,3724,猢
3250,3725,猥
3251,3726,猩
3252,3727,猪
3253,3728,猫
3254,3729,猴
3255,3730,犹
3256,3731,猷
3257,3732,猔
3258,3733,猱
3259,3734,猺
3260,3735,狲
3261,3736,猾
3262,3737,猿
3263,3739,狱
3264,3740,狮
3265,3741,獍
3266,3742,獐
3267,3743,獒
3268,3744,獗
3269,3747,独
3270,3748,狯
3271,3749,獬
3272,3750,獠
3273,3751,狝
3274,3752,获
3275,3753,獯
3276,3755,犷
3277,3756,猎
3278,3757,兽
3279,3758,獭
3280,3759,献
3281,3761,狞
3282,3762,猡
3283,3763,玄
3284,3764,率
3285,3767,锔
3286,3768,玉
3287,3769,王
3288,3771,玕
3289,3772,玔
3290,3773,玖
3291,3774,玟
3292,3775,玠
3293,3776,玢
3294,3777,玦
3295,3778,珏
3296,3779,玩
3297,3780,玫
3298,3781,玲
3299,3782,玳
3300,3783,玷
3301,3784,珂
3302,3786,珈
3303,3787,珉
3304,3788,玻
3305,3789,珀
3306,3790,珊
3307,3791,珍
3308,3794,珞
3309,3796,珠
3310,3797,珙
3311,3798,珖
3312,3799,珥
3313,3800,珣
3314,3801,珩
3315,3802,珪
3316,3803,班
3317,3804,珧
3318,3805,珮
3319,3806,珽
3320,3807,现
3321,3808,球
3322,3809,琅
3323,3810,理
3324,3811,琇
3325,3812,琉
3326,3813,珶
3327,3815,琊
3328,3816,琕
3329,3818,琚
3330,3819,琛
3331,3820,琢
3332,3821,琤
3333,3822,琥
3334,3823,琦
3335,3824,琨
3336,3825,琪
3337,3827,琮
3338,3828,琯
3339,3829,琳
3340,3830,琴
3341,3831,琶
3342,3832,琵
3343,3834,琬
3344,3836,琲
3345,3837,玮
3346,3838,瑕
3347,3839,瑙
3348,3840,瑚
3349,3841,瑛
3350,3842,瑜
3351,3843,瑞
3352,3844,瑟
3353,3847,瑁
3354,3850,瑗
3355,3851,琐
3356,3852,瑶
3357,3853,莹
3358,3854,玛
3359,3855,瑰
3360,3856,玱
3361,3859,瑱
3362,3862,璀
3363,3863,璃
3364,3864,璋
3365,3866,瑾
3366,3868,璆
3367,3871,琎
3368,3872,璇
3369,3873,璐
3370,3874,璜
3371,3875,玑
3372,3876,璘
3373,3877,璞
3374,3878,璟
3375,3879,璠
3376,3880,璧
3377,3881,璨
3378,3883,环
3379,3885,珰
3380,3886,玺
3381,3887,璲
3382,3888,瑸
3383,3889,玙
3384,3891,珑
3385,3892,璎
3386,3895,瓒
3387,3900,瓜
3388,3901,瓞
3389,3902,瓠
3390,3903,瓢
3391,3904,瓣
3392,3905,瓤
3393,3907,瓦
3394,3908,瓮
3395,3909,瓴
3396,3910,瓶
3397,3911,瓷
3398,3912,瓻
3399,3913,甃
3400,3914,甄
3401,3916,瓿
3402,3917,瓯
3403,3918,甍
3404,3920,甑
3405,3921,甓
3406,3926,瓩
3407,3927,甘
3408,3928,甚
3409,3929,甜
3410,3931,咔
3411,3932,生
3412,3933,甡
3413,3934,产
3414,3935,甥
3415,3936,甦
3416,3938,用
3417,3939,甪
3418,3940,甫
3419,3941,甬
3420,3942,甯
3421,3943,甩
3422,3944,田
3423,3945,由
3424,3946,甲
3425,3947,申
3426,3948,男
3427,3949,甸
3428,3951,甾
3429,3952,畀
3430,3953,畋
3431,3954,界
3432,3955,畎
3433,3956,畏
3434,3957,町
3435,3961,畔
3436,3962,畚
3437,3963,畛
3438,3964,畜
3439,3965,亩
3440,3966,留
3441,3968,毕
3442,3969,畤
3443,3970,略
3444,3971,畦
3445,3972,番
3446,3973,画
3447,3974,畬
3448,3975,畯
3449,3978,榃
3450,3979,畹
3451,3981,当
3452,3982,畸
3453,3983,畿
3454,3984,疆
3455,3985,畴
3456,3987,锎
3457,3988,疋
3458,3990,疏
3459,3992,疑
3460,3993,钪
3461,3994,疒
3462,3995,疔
3463,3996,痃
3464,3997,痉
3465,3998,疚
3466,3999,疝
3467,4000,痠
3468,4001,疣
3469,4002,疤
3470,4003,疥
3471,4004,疫
3472,4005,痄
3473,4006,疲
3474,4007,疳
3475,4008,疴
3476,4009,疵
3477,4010,疸
3478,4011,疹
3479,4012,疼
3480,4013,疽
3481,4014,疾
3482,4016,病
3483,4017,症
3484,4018,痂
3485,4019,痊
3486,4020,疰
3487,4021,痍
3488,4022,痒
3489,4023,痔
3490,4024,痕
3491,4025,痧
3492,4026,痘
3493,4027,痛
3494,4028,痞
3495,4029,痣
3496,4031,痢
3497,4032,痱
3498,4033,痰
3499,4034,痳
3500,4035,痴
3501,4036,痹
3502,4037,痼
3503,4039,痿
3504,4040,瘀
3505,4041,瘁
3506,4045,疯
3507,4046,疡
3508,4048,瘝
3509,4049,瘐
3510,4050,痪
3511,4051,瘕
3512,4053,瘗
3513,4054,瘟
3514,4055,瘠
3515,4056,疮
3516,4057,瘢
3517,4058,瘤
3518,4059,瘥
3519,4060,瘦
3520,4061,疟
3521,4063,瘸
3522,4064,瘰
3523,4065,瘳
3524,4066,瘴
3525,4067,瘵
3526,4068,瘘
3527,4069,瘼
3528,4070,疗
3529,4071,癃
3530,4072,痨
3531,4073,痫
3532,4074,癌
3533,4075,癖
3534,4078,疠
3535,4079,瘩
3536,4080,癜
3537,4081,疖
3538,4085,瘪
3539,4086,瘿
3540,4087,疬
3541,4088,癞
3542,4089,癣
3543,4090,瘾
3544,4091,癯
3545,4092,痈
3546,4093,瘫
3547,4094,癫
3548,4095,疙
3549,4096,癶
3550,4097,癸
3551,4098,登
3552,4099,发
3553,4100,钶
3554,4101,白
3555,4102,百
3556,4103,皂
3557,4104,的
3558,4105,皆
3559,4106,皇
3560,4107,皈
3561,4108,皋
3562,4109,皎
3563,4110,皓
3564,4111,皖
3565,4114,皑
3566,4115,皤
3567,4116,皞
3568,4121,氪
3569,4122,皮
3570,4123,皴
3571,4125,皲
3572,4126,皱
3573,4128,醌
3574,4129,皿
3575,4130,盂
3576,4132,盅
3577,4133,盆
3578,4134,盈
3579,4135,益
3580,4137,盍
3581,4138,盎
3582,4139,盒
3583,4140,盔
3584,4141,盛
3585,4142,盗
3586,4143,盝
3587,4144,盏
3588,4145,盟
3589,4147,尽
3590,4148,监
3591,4149,盘
3592,4150,盥
3593,4151,卢
3594,4152,盦
3595,4155,盪
3596,4156,盬
3597,4157,蛞
3598,4158,目
3599,4159,盲
3600,4160,直
3601,4161,相
3602,4162,盼
3603,4163,盾
3604,4164,省
3605,4165,眄
3606,4166,眇
3607,4167,眈
3608,4168,眉
3609,4169,盯
3610,4170,看
3611,4171,盻
3612,4172,眨
3613,4173,盱
3614,4174,睬
3615,4175,眛
3616,4176,真
3617,4177,眠
3618,4178,瞄
3619,4180,眦
3620,4181,眩
3621,4182,眙
3622,4183,眯
3623,4184,眵
3624,4186,眶
3625,4187,眷
3626,4188,眸
3627,4189,眺
3628,4190,眼
3629,4192,着
3630,4194,睨
3631,4195,睇
3632,4197,瞅
3633,4199,睚
3634,4200,睛
3635,4201,睁
3636,4202,睐
3637,4203,睾
3638,4204,睡
3639,4205,睢
3640,4206,督
3641,4207,睦
3642,4208,睫
3643,4209,瞌
3644,4211,睥
3645,4212,睹
3646,4213,睿
3647,4214,瞀
3648,4217,瞋
3649,4219,瞎
3650,4220,瞑
3651,4221,瞒
3652,4222,瞠
3653,4223,瞪
3654,4224,瞥
3655,4225,瞧
3656,4226,瞬
3657,4227,瞳
3658,4229,瞭
3659,4230,瞰
3660,4231,瞆
3661,4232,瞻
3662,4233,瞽
3663,4234,瞿
3664,4236,矍
3665,4237,眬
3666,4238,矗
3667,4241,瞩
3668,4242,眭
3669,4243,矛
3670,4244,矜
3671,4245,矞
3672,4246,砬
3673,4247,矢
3674,4248,矣
3675,4249,知
3676,4250,矧
3677,4251,矩
3678,4252,短
3679,4253,矮
3680,4255,矫
3681,4257,镴
3682,4258,石
3683,4260,矼
3684,4261,砆
3685,4262,矻
3686,4263,砂
3687,4264,砉
3688,4265,砌
3689,4266,砍
3690,4267,砑
3691,4268,砒
3692,4269,砭
3693,4270,砟
3694,4271,砸
3695,4272,砥
3696,4273,斫
3697,4274,砦
3698,4275,破
3699,4277,砜
3700,4278,砧
3701,4279,砼
3702,4280,砰
3703,4282,研
3704,4283,硎
3705,4284,硁
3706,4285,硝
3707,4286,硖
3708,4287,砗
3709,4288,硫
3710,4289,硬
3711,4290,碘
3712,4291,砚
3713,4292,确
3714,4293,碍
3715,4294,碌
3716,4295,碎
3717,4296,硼
3718,4297,碗
3719,4299,碇
3720,4300,碔
3721,4301,碑
3722,4302,碓
3723,4304,碡
3724,4306,碉
3725,4307,砀
3726,4308,碟
3727,4309,碣
3728,4310,碧
3729,4311,硕
3730,4312,磜
3731,4314,碰
3732,4316,码
3733,4317,碾
3734,4318,磁
3735,4319,磅
3736,4320,磊
3737,4321,礅
3738,4322,磋
3739,4323,磐
3740,4324,磙
3741,4325,磔
3742,4326,磕
3743,4327,磉
3744,4328,硙
3745,4329,碴
3746,4330,硵
3747,4331,砖
3748,4332,碛
3749,4333,磨
3750,4334,磬
3751,4335,矶
3752,4336,磲
3753,4337,磺
3754,4338,硗
3755,4339,礁
3756,4340,磷
3757,4342,础
3758,4345,矾
3759,4346,礳
3760,4347,磴
3761,4349,矿
3762,4350,砺
3763,4351,砾
3764,4352,砻
3765,4353,礴
3766,4354,碱
3767,4355,示
3768,4356,礽
3769,4357,社
3770,4358,祀
3771,4359,祁
3772,4360,祆
3773,4361,祇
3774,4362,祈
3775,4363,祉
3776,4366,祊
3777,4368,祐
3778,4369,祓
3779,4371,祖
3780,4373,祚
3781,4374,祛
3782,4375,祜
3783,4376,祝
3784,4377,神
3785,4378,祟
3786,4379,祠
3787,4381,祲
3788,4382,祥
3789,4383,祧
3790,4384,票
3791,4385,祭
3792,4388,祺
3793,4389,禄
3794,4390,禀
3795,4391,禁
3796,4393,祸
3797,4394,祯
3798,4395,福
3799,4396,禘
3800,4397,禊
3801,4400,祎
3802,4401,祃
3803,4404,禠
3804,4406,禧
3805,4407,禅
3806,4409,礼
3807,4410,祢
3808,4411,祷
3809,4412,禳
3810,4414,铼
3811,4415,禸
3812,4416,禹
3813,4417,禺
3814,4418,离
3815,4419,禽
3816,4420,镧
3817,4421,禾
3818,4422,秃
3819,4423,秀
3820,4424,私
3821,4426,秉
3822,4427,秆
3823,4428,秋
3824,4429,种
3825,4430,科
3826,4431,秕
3827,4432,秒
3828,4434,秘
3829,4436,租
3830,4438,秣
3831,4439,秤
3832,4440,秦
3833,4441,秧
3834,4442,秩
3835,4443,秫
3836,4444,秭
3837,4447,秸
3838,4448,移
3839,4449,稀
3840,4450,稂
3841,4451,税
3842,4453,程
3843,4455,稍
3844,4457,稔
3845,4458,稗
3846,4459,稞
3847,4460,稚
3848,4464,稠
3849,4466,稹
3850,4468,称
3851,4469,稷
3852,4470,稻
3853,4471,稼
3854,4472,稽
3855,4473,稿
3856,4475,穄
3857,4476,穆
3858,4479,稣
3859,4480,积
3860,4481,颖
3861,4482,穗
3862,4484,穑
3863,4486,秽
3864,4487,秾
3865,4489,稳
3866,4491,穞
3867,4492,穰
3868,4493,罱
3869,4494,穴
3870,4496,究
3871,4497,穸
3872,4498,穹
3873,4499,突
3874,4500,空
3875,4502,穿
3876,4503,窀
3877,4504,窄
3878,4505,窅
3879,4506,窆
3880,4507,窈
3881,4510,窒
3882,4511,窕
3883,4512,窖
3884,4514,窗
3885,4515,窘
3886,4516,窟
3887,4517,窠
3888,4518,窨
3889,4519,窝
3890,4521,窬
3891,4522,穷
3892,4523,窑
3893,4524,窳
3894,4525,窎
3895,4526,窭
3896,4527,窸
3897,4528,窣
3898,4529,窥
3899,4530,窾
3900,4533,窜
3901,4534,窍
3902,4535,窦
3903,4537,窃
3904,4538,蒗
3905,4539,立
3906,4540,竑
3907,4541,站
3908,4544,竟
3909,4545,章
3910,4546,竣
3911,4547,童
3912,4548,竦
3913,4549,竖
3914,4550,竭
3915,4551,端
3916,4552,竞
3917,4553,铑
3918,4554,竹
3919,4555,竺
3920,4556,竽
3921,4557,竿
3922,4558,笄
3923,4559,笈
3924,4560,笊
3925,4561,笏
3926,4562,笑
3927,4563,笙
3928,4564,笛
3929,4565,笞
3930,4566,笤
3931,4567,笠
3932,4568,笥
3933,4569,符
3934,4570,笨
3935,4571,笋
3936,4572,笪
3937,4573,笫
3938,4574,第
3939,4575,笮
3940,4576,笆
3941,4578,笱
3942,4579,笳
3943,4580,筅
3944,4581,笔
3945,4582,筇
3946,4583,等
3947,4584,筊
3948,4585,筋
3949,4586,筌
3950,4588,筎
3951,4589,筏
3952,4590,筐
3953,4591,筑
3954,4592,筒
3955,4594,答
3956,4595,策
3957,4596,筠
3958,4599,筷
3959,4600,笕
3960,4602,筮
3961,4603,筲
3962,4605,筵
3963,4607,筱
3964,4608,笺
3965,4611,箍
3966,4612,箇
3967,4613,箔
3968,4614,箕
3969,4615,算
3970,4617,箝
3971,4619,管
3972,4620,筝
3973,4621,箐
3974,4625,箜
3975,4627,箬
3976,4628,箭
3977,4630,箱
3978,4631,箴
3979,4632,箸
3980,4634,节
3981,4635,篁
3982,4637,篆
3983,4638,篇
3984,4640,箧
3985,4643,篙
3986,4644,篚
3987,4645,篝
3988,4646,筿
3989,4647,篡
3990,4648,笃
3991,4652,筛
3992,4653,篦
3993,4654,篪
3994,4655,篲
3995,4656,筚
3996,4659,篷
3997,4660,箦
3998,4661,簕
3999,4662,簇
4000,4663,簋
4001,4664,篓
4002,4665,簌
4003,4666,簏
4004,4667,篌
4005,4668,篾
4006,4669,簃
4007,4672,簟
4008,4673,箪
4009,4674,簠
4010,4675,简
4011,4676,篑
4012,4678,簦
4013,4679,簧
4014,4681,簪
4015,4682,箫
4016,4684,簸
4017,4687,签
4018,4689,簿
4019,4691,篮
4020,4693,筹
4021,4694,籍
4022,4696,籐
4023,4699,籀
4024,4700,箓
4025,4702,篯
4026,4703,箨
4027,4704,籁
4028,4705,笼
4029,4710,笾
4030,4712,箩
4031,4713,篱
4032,4716,篰
4033,4717,米
4034,4720,粉
4035,4721,粒
4036,4722,粕
4037,4723,粗
4038,4724,粘
4039,4725,粟
4040,4726,粢
4041,4727,粤
4042,4728,粥
4043,4729,籼
4044,4731,粱
4045,4732,粲
4046,4733,粹
4047,4734,粳
4048,4736,粼
4049,4737,精
4050,4738,糈
4051,4739,糊
4052,4741,糕
4053,4742,糇
4054,4743,糖
4055,4744,糗
4056,4745,糜
4057,4746,糁
4058,4747,粪
4059,4748,糟
4060,4749,糠
4061,4750,籽
4062,4751,糙
4063,4754,糯
4064,4755,粝
4065,4756,籴
4066,4757,粑
4067,4759,粜
4068,4761,糸
4069,4762,系
4070,4763,纠
4071,4764,纪
4072,4765,纣
4073,4766,约
4074,4767,红
4075,4768,纡
4076,4769,纥
4077,4770,纨
4078,4771,纫
4079,4772,紊
4080,4773,纹
4081,4775,缐
4082,4777,纴
4083,4780,纳
4084,4781,纽
4085,4782,纾
4086,4783,纯
4087,4784,纱
4088,4785,纮
4089,4786,纸
4090,4787,级
4091,4788,纷
4092,4789,纭
4093,4790,素
4094,4791,纺
4095,4792,索
4096,4793,紫
4097,4794,缏
4098,4797,累
4099,4798,细
4100,4799,缩
4101,4800,绅
4102,4801,绍
4103,4802,绀
4104,4803,绋
4105,4805,绐
4106,4806,绌
4107,4807,终
4108,4809,组
4109,4810,绊
4110,4811,绂
4111,4814,结
4112,4815,绝
4113,4818,绔
4114,4819,绞
4115,4820,络
4116,4821,绚
4117,4822,给
4118,4823,绒
4119,4825,絮
4120,4826,绖
4121,4827,统
4122,4828,丝
4123,4829,绛
4124,4831,绢
4125,4834,绑
4126,4835,绨
4127,4836,绣
4128,4837,绠
4129,4840,绥
4130,4842,经
4131,4843,绡
4132,4844,综
4133,4845,绿
4134,4846,绸
4135,4847,綦
4136,4848,线
4137,4849,绶
4138,4850,维
4139,4851,綮
4140,4852,绾
4141,4854,纲
4142,4855,绷
4143,4856,缀
4144,4858,纶
4145,4859,绺
4146,4860,绮
4147,4861,绽
4148,4862,绰
4149,4866,绫
4150,4867,缁
4151,4868,紧
4152,4869,绯
4153,4870,绻
4154,4872,绪
4155,4873,缄
4156,4874,缉
4157,4875,绵
4158,4876,缎
4159,4877,缔
4160,4878,缘
4161,4880,缌
4162,4882,编
4163,4883,缓
4164,4884,缅
4165,4885,纬
4166,4886,练
4167,4888,缊
4168,4889,缃
4169,4891,缗
4170,4893,缈
4171,4895,缇
4172,4896,萦
4173,4897,缙
4174,4898,缢
4175,4899,缒
4176,4900,绉
4177,4901,缞
4178,4902,缚
4179,4903,缜
4180,4904,缛
4181,4905,县
4182,4906,缣
4183,4907,繁
4184,4908,缟
4185,4911,缝
4186,4912,纵
4187,4913,缧
4188,4915,缦
4189,4916,絷
4190,4917,缕
4191,4918,缥
4192,4919,縻
4193,4920,总
4194,4921,绩
4195,4923,缫
4196,4924,缪
4197,4925,繇
4198,4926,缡
4199,4930,织
4200,4931,缮
4201,4933,缭
4202,4935,绕
4203,4938,缯
4204,4939,绳
4205,4940,绘
4206,4942,茧
4207,4943,缰
4208,4944,缳
4209,4945,缴
4210,4946,绎
4211,4947,辫
4212,4949,继
4213,4951,纂
4214,4952,缤
4215,4953,缱
4216,4955,颣
4217,4956,缬
4218,4957,缵
4219,4958,续
4220,4960,纤
4221,4961,缠
4222,4962,纩
4223,4964,缨
4224,4966,纛
4225,4968,缆
4226,4969,绦
4227,4970,缶
4228,4971,缸
4229,4972,缺
4230,4977,罄
4231,4978,罅
4232,4981,罂
4233,4982,罍
4234,4984,罐
4235,4986,网
4236,4987,罔
4237,4988,罕
4238,4989,罘
4239,4992,罟
4240,4993,罡
4241,4996,罩
4242,4997,罪
4243,4999,置
4244,5000,罚
4245,5001,罨
4246,5002,署
4247,5006,骂
4248,5007,罢
4249,5008,罹
4250,5010,罽
4251,5012,罗
4252,5013,罴
4253,5015,羁
4254,5016,鳓
4255,5017,羊
4256,5018,羌
4257,5019,美
4258,5020,羑
4259,5021,羔
4260,5024,羚
4261,5025,羝
4262,5026,羞
4263,5028,群
4264,5029,羡
4265,5030,义
4266,5031,羯
4267,5032,羲
4268,5033,羧
4269,5035,羸
4270,5036,羹
4271,5037,羼
4272,5038,羽
4273,5039,翀
4274,5040,翁
4275,5041,翅
4276,5042,翊
4277,5043,翌
4278,5044,翎
4279,5045,习
4280,5046,翔
4281,5047,翕
4282,5049,翟
4283,5050,翠
4284,5051,翡
4285,5053,翥
4286,5054,翦
4287,5055,翩
4288,5056,羿
4289,5057,翚
4290,5058,翮
4291,5060,翰
4292,5061,翳
4293,5062,翘
4294,5063,翱
4295,5064,翻
4296,5065,翼
4297,5069,耀
4298,5070,喱
4299,5071,老
4300,5072,考
4301,5073,耄
4302,5074,者
4303,5075,耆
4304,5077,耋
4305,5079,而
4306,5080,耍
4307,5082,耐
4308,5084,唡
4309,5085,耒
4310,5086,耔
4311,5087,耕
4312,5088,耗
4313,5089,耘
4314,5090,耙
4315,5091,耜
4316,5092,耢
4317,5095,耩
4318,5096,耦
4319,5097,耨
4320,5098,耧
4321,5099,耰
4322,5100,钌
4323,5101,耳
4324,5102,耶
4325,5103,耻
4326,5104,耽
4327,5105,耿
4328,5106,聃
4329,5107,聆
4330,5108,聊
4331,5109,聒
4332,5110,圣
4333,5111,聘
4334,5112,聚
4335,5113,闻
4336,5114,联
4337,5115,聪
4338,5116,声
4339,5117,耸
4340,5118,聩
4341,5119,聂
4342,5120,职
4343,5122,聋
4344,5123,啉
4345,5124,聿
4346,5125,肄
4347,5126,肃
4348,5127,肆
4349,5128,肇
4350,5129,呤
4351,5130,馏
4352,5131,肉
4353,5132,肋
4354,5133,肌
4355,5134,肓
4356,5135,肖
4357,5136,肘
4358,5137,肚
4359,5138,肛
4360,5139,肝
4361,5140,股
4362,5141,肢
4363,5142,肥
4364,5143,胺
4365,5144,肩
4366,5145,肫
4367,5146,肯
4368,5147,肱
4369,5148,育
4370,5149,肴
4371,5150,朊
4372,5151,肺
4373,5152,胃
4374,5153,胄
4375,5154,背
4376,5155,胂
4377,5156,胔
4378,5157,胍
4379,5158,胎
4380,5160,胖
4381,5161,胙
4382,5162,胚
4383,5163,胳
4384,5164,胝
4385,5165,胞
4386,5166,胰
4387,5167,脒
4388,5168,胭
4389,5169,胯
4390,5170,胡
4391,5171,胥
4392,5172,胸
4393,5173,胼
4394,5174,能
4395,5175,胾
4396,5176,脂
4397,5177,腺
4398,5178,胁
4399,5180,胱
4400,5182,脊
4401,5183,脚
4402,5184,脘
4403,5185,胫
4404,5186,脆
4405,5187,腈
4406,5189,脧
4407,5190,脩
4408,5191,膨
4409,5192,脱
4410,5193,脬
4411,5194,脯
4412,5195,胀
4413,5196,脾
4414,5197,腆
4415,5198,腊
4416,5199,腋
4417,5200,肾
4418,5201,腐
4419,5202,腑
4420,5203,腓
4421,5204,腔
4422,5205,腕
4423,5206,腥
4424,5207,脑
4425,5208,腴
4426,5209,肿
4427,5210,腮
4428,5211,脿
4429,5212,腰
4430,5213,腱
4431,5214,肠
4432,5215,腹
4433,5216,腠
4434,5217,腿
4435,5218,膀
4436,5219,膂
4437,5220,腩
4438,5221,膏
4439,5222,肷
4440,5224,膈
4441,5225,膊
4442,5226,腘
4443,5227,肤
4444,5228,膛
4445,5229,膜
4446,5230,膝
4447,5231,胶
4448,5232,腻
4449,5234,膳
4450,5235,膺
4451,5238,膻
4452,5239,脍
4453,5240,脓
4454,5241,臀
4455,5242,臂
4456,5244,臆
4457,5245,脸
4458,5246,臊
4459,5247,脐
4460,5250,臃
4461,5251,胪
4462,5253,脏
4463,5254,脔
4464,5255,胤
4465,5256,臣
4466,5257,卧
4467,5258,臧
4468,5259,临
4469,5260,栌
4470,5261,自
4471,5262,臬
4472,5263,臭
4473,5266,镥
4474,5267,至
4475,5268,致
4476,5271,臻
4477,5272,氇
4478,5273,臼
4479,5274,臾
4480,5275,舁
4481,5276,舀
4482,5277,舂
4483,5278,舄
4484,5279,舅
4485,5280,与
4486,5281,兴
4487,5282,举
4488,5283,旧
4489,5285,摞
4490,5286,舌
4491,5287,舍
4492,5288,舐
4493,5289,舒
4494,5290,舘
4495,5291,舖
4496,5292,舛
4497,5293,舜
4498,5294,舞
4499,5296,镅
4500,5297,舟
4501,5299,舡
4502,5300,航
4503,5301,般
4504,5302,舫
4505,5304,舷
4506,5305,舵
4507,5306,舶
4508,5307,船
4509,5308,舸
4510,5310,舳
4511,5311,舴
4512,5312,艇
4513,5313,艋
4514,5314,艄
4515,5318,艘
4516,5319,舱
4517,5320,舣
4518,5321,艟
4519,5322,艨
4520,5324,舰
4521,5325,舻
4522,5326,酶
4523,5327,艮
4524,5328,良
4525,5329,艰
4526,5330,钔
4527,5331,色
4528,5333,艳
4529,5335,艸
4530,5336,艽
4531,5337,艾
4532,5338,芃
4533,5339,芄
4534,5340,芊
4535,5341,芋
4536,5342,芍
4537,5343,芎
4538,5344,芑
4539,5345,芒
4540,5346,芙
4541,5347,芝
4542,5348,芟
4543,5349,芡
4544,5350,艿
4545,5351,芤
4546,5352,芧
4547,5353,芨
4548,5354,芥
4549,5355,芩
4550,5356,芪
4551,5357,芫
4552,5358,芬
4553,5359,芭
4554,5360,芮
4555,5361,芯
4556,5362,芰
4557,5363,花
4558,5364,芳
4559,5365,芷
4560,5366,芸
4561,5367,芹
4562,5368,刍
4563,5369,芼
4564,5370,芽
4565,5371,莜
4566,5372,芾
4567,5373,苑
4568,5374,茆
4569,5375,苒
4570,5376,苓
4571,5377,苔
4572,5378,苕
4573,5379,苗
4574,5380,苄
4575,5381,苛
4576,5382,苜
4577,5383,苞
4578,5384,苟
4579,5385,苣
4580,5386,苡
4581,5387,若
4582,5388,苦
4583,5389,苎
4584,5390,苫
4585,5391,英
4586,5392,苴
4587,5393,苹
4588,5394,苻
4589,5396,苾
4590,5397,茀
4591,5398,茁
4592,5399,茂
4593,5400,范
4594,5401,茄
4595,5402,茈
4596,5403,茅
4597,5404,茇
4598,5406,茉
4599,5407,茗
4600,5408,荔
4601,5409,茜
4602,5412,茨
4603,5413,茫
4604,5414,茭
4605,5415,茯
4606,5416,茱
4607,5417,兹
4608,5418,茴
4609,5419,茵
4610,5420,茶
4611,5422,茸
4612,5423,茹
4613,5424,荀
4614,5425,荃
4615,5426,萄
4616,5427,荆
4617,5428,荸
4618,5429,荇
4619,5430,草
4620,5432,荏
4621,5433,荐
4622,5434,荑
4623,5435,荒
4624,5436,茝
4625,5437,荄
4626,5440,荷
4627,5441,荻
4628,5442,荼
4629,5443,荽
4630,5444,莅
4631,5446,莎
4632,5447,莒
4633,5448,莓
4634,5449,茎
4635,5450,莘
4636,5451,莞
4637,5452,莠
4638,5453,荚
4639,5454,苋
4640,5455,莆
4641,5456,莨
4642,5457,莩
4643,5458,莪
4644,5459,莫
4645,5460,菟
4646,5461,莉
4647,5462,莽
4648,5463,菀
4649,5464,菁
4650,5465,菅
4651,5466,菇
4652,5468,菊
4653,5469,菑
4654,5471,菖
4655,5472,菔
4656,5473,菘
4657,5474,菠
4658,5475,菜
4659,5476,菩
4660,5477,堇
4661,5478,华
4662,5479,菰
4663,5480,菱
4664,5481,菲
4665,5483,莙
4666,5484,菹
4667,5485,菼
4668,5486,菽
4669,5487,萁
4670,5488,萃
4671,5489,萜
4672,5490,莱
4673,5491,萋
4674,5492,萌
4675,5493,萍
4676,5494,萎
4677,5495,龿
4678,5496,菡
4679,5497,菌
4680,5498,萩
4681,5500,苌
4682,5501,萼
4683,5503,萱
4684,5504,莴
4685,5505,萸
4686,5506,萹
4687,5507,落
4688,5508,葆
4689,5510,菸
4690,5511,著
4691,5513,葚
4692,5514,葛
4693,5515,葡
4694,5516,董
4695,5517,苇
4696,5518,葩
4697,5519,葫
4698,5520,葬
4699,5521,葭
4700,5522,药
4701,5523,葱
4702,5524,葳
4703,5525,葵
4704,5526,荤
4705,5527,葸
4706,5528,葺
4707,5530,蒂
4708,5531,葑
4709,5535,莳
4710,5536,蒙
4711,5537,蒜
4712,5538,蒡
4713,5539,蒞
4714,5540,蒟
4715,5541,蒨
4716,5543,蒲
4717,5544,蒸
4718,5545,蒹
4719,5546,蒺
4720,5547,苍
4721,5548,蒿
4722,5549,荪
4723,5550,蓁
4724,5551,蓂
4725,5552,蓄
4726,5553,蓆
4727,5554,蓉
4728,5555,蓊
4729,5556,盖
4730,5557,蓖
4731,5558,蓍
4732,5559,蓏
4733,5560,蓑
4734,5562,蓐
4735,5563,蓓
4736,5564,萏
4737,5565,蔌
4738,5566,蒯
4739,5570,蓬
4740,5571,莲
4741,5572,蓰
4742,5573,莼
4743,5575,蔻
4744,5576,蔫
4745,5577,芗
4746,5578,蓼
4747,5581,蓿
4748,5583,蔑
4749,5584,蕻
4750,5585,蔓
4751,5587,蔗
4752,5588,蔚
4753,5589,蒌
4754,5591,蔡
4755,5592,蒋
4756,5593,荫
4757,5594,蔴
4758,5596,茑
4759,5598,荜
4760,5599,蔽
4761,5600,蔬
4762,5601,蕺
4763,5603,蕃
4764,5604,蕉
4765,5605,蕊
4766,5606,荞
4767,5607,莸
4768,5608,蕖
4769,5609,荛
4770,5610,蕙
4771,5612,蕞
4772,5614,蒉
4773,5615,蕨
4774,5616,荡
4775,5617,芜
4776,5618,萧
4777,5619,蕰
4778,5620,薯
4779,5621,蒇
4780,5622,蕈
4781,5624,蕤
4782,5626,蓣
4783,5628,蕾
4784,5630,薢
4785,5631,薄
4786,5632,薅
4787,5633,薇
4788,5634,荟
4789,5636,蓟
4790,5638,蔷
4791,5641,薛
4792,5642,孽
4793,5643,薜
4794,5645,薨
4795,5646,萨
4796,5647,薪
4797,5648,薤
4798,5649,蘖
4799,5650,薏
4800,5651,薰
4801,5652,薳
4802,5653,薹
4803,5654,荠
4804,5659,藉
4805,5660,荩
4806,5661,藏
4807,5662,藐
4808,5663,蓝
4809,5664,藁
4810,5665,藕
4811,5668,藜
4812,5669,艺
4813,5671,藤
4814,5672,藩
4815,5674,薮
4816,5676,蔼
4817,5677,蔺
4818,5679,藻
4819,5681,藿
4820,5682,蕲
4821,5683,蘅
4822,5684,芦
4823,5685,苏
4824,5686,蕴
4825,5688,夔
4826,5690,萚
4827,5691,藓
4828,5692,蔹
4829,5693,茏
4830,5694,蘩
4831,5695,兰
4832,5698,蘧
4833,5699,蘸
4834,5700,萝
4835,5701,蘼
4836,5704,蘑
4837,5705,虍
4838,5706,虎
4839,5707,虐
4840,5709,虔
4841,5710,处
4842,5711,虚
4843,5712,虏
4844,5713,虞
4845,5714,号
4846,5716,虢
4847,5719,亏
4848,5721,醚
4849,5722,虫
4850,5723,虱
4851,5724,虻
4852,5725,虹
4853,5726,虺
4854,5727,蚓
4855,5728,蚍
4856,5729,蚕
4857,5730,蚊
4858,5731,蚋
4859,5732,蚌
4860,5733,蚣
4861,5734,蚤
4862,5735,蚧
4863,5736,蚩
4864,5737,蚪
4865,5738,蚨
4866,5739,蚯
4867,5740,蚰
4868,5741,蚱
4869,5742,蚜
4870,5743,蚶
4871,5745,蛄
4872,5746,蛀
4873,5747,蛆
4874,5748,蛇
4875,5749,蛉
4876,5750,蛑
4877,5751,蛋
4878,5752,蛙
4879,5753,蛛
4880,5754,蛟
4881,5755,蚴
4882,5756,蛤
4883,5757,蛩
4884,5758,蛱
4885,5759,蛭
4886,5760,蛾
4887,5761,蛘
4888,5762,蜂
4889,5763,蜃
4890,5764,蜇
4891,5765,蜈
4892,5767,蜓
4893,5768,蛸
4894,5769,蛹
4895,5770,蜕
4896,5771,蜀
4897,5772,蜉
4898,5773,蜍
4899,5774,蜊
4900,5776,蜘
4901,5777,蜚
4902,5778,蜜
4903,5779,蜡
4904,5780,蜣
4905,5781,蜩
4906,5782,蜥
4907,5783,蜒
4908,5784,蛔
4909,5785,蜴
4910,5786,蜞
4911,5788,螂
4912,5789,蜢
4913,5790,蜮
4914,5791,蝎
4915,5792,蛐
4916,5793,蚀
4917,5794,蝗
4918,5795,蝘
4919,5796,蝙
4920,5797,蜅
4921,5798,猬
4922,5799,蝠
4923,5800,蜿
4924,5801,蝥
4925,5802,虾
4926,5803,蝮
4927,5805,蝶
4928,5806,蜷
4929,5807,蟮
4930,5808,蜻
4931,5809,蝌
4932,5811,蜾
4933,5812,蝣
4934,5813,蝻
4935,5814,蝴
4936,5815,蜗
4937,5816,融
4938,5817,蠓
4939,5818,蚂
4940,5819,螨
4941,5820,螟
4942,5821,萤
4943,5823,蚝
4944,5824,螃
4945,5825,蛳
4946,5826,螫
4947,5828,螺
4948,5829,蝼
4949,5830,螽
4950,5832,蛰
4951,5833,蟊
4952,5834,螬
4953,5835,螭
4954,5837,螯
4955,5838,螳
4956,5839,蟀
4957,5840,蟆
4958,5841,蝈
4959,5842,蟋
4960,5843,虮
4961,5844,蟪
4962,5845,蟒
4963,5846,蟛
4964,5847,蟠
4965,5848,蝉
4966,5851,蟹
4967,5852,蚁
4968,5853,蟾
4969,5855,蛏
4970,5856,蠃
4971,5858,蚃
4972,5859,蝇
4973,5860,虿
4974,5862,蠕
4975,5863,蠖
4976,5864,蠛
4977,5867,蠡
4978,5868,蠢
4979,5869,蛎
4980,5870,蟏
4981,5871,蠹
4982,5872,蛊
4983,5873,蠲
4984,5875,蛮
4985,5876,虬
4986,5877,血
4987,5878,嘧
4988,5880,衄
4989,5881,衅
4990,5883,众
4991,5886,嚜
4992,5887,行
4993,5888,衍
4994,5891,衒
4995,5894,街
4996,5895,衙
4997,5898,卫
4998,5899,衡
4999,5900,衢
5000,5902,衣
5001,5903,表
5002,5904,衫
5003,5905,衰
5004,5906,衲
5005,5907,衷
5006,5908,衩
5007,5910,衽
5008,5911,衾
5009,5912,衿
5010,5913,袁
5011,5914,袈
5012,5915,袋
5013,5916,袍
5014,5917,袒
5015,5918,袖
5016,5920,袜
5017,5924,袤
5018,5925,袪
5019,5926,被
5020,5927,袂
5021,5931,袱
5022,5932,裁
5023,5933,裂
5024,5934,袅
5025,5935,裎
5026,5936,裀
5027,5938,裒
5028,5939,裔
5029,5940,裕
5030,5941,裘
5031,5942,裙
5032,5943,补
5033,5944,装
5034,5945,裟
5035,5947,裨
5036,5949,裰
5037,5950,裱
5038,5951,裳
5039,5952,裴
5040,5953,裸
5041,5954,裼
5042,5955,裹
5043,5957,裾
5044,5959,褊
5045,5960,裈
5046,5962,褂
5047,5963,褪
5048,5964,褐
5049,5965,褓
5050,5966,袆
5051,5967,褙
5052,5968,褡
5053,5969,褚
5054,5970,褥
5055,5972,褫
5056,5973,褰
5057,5974,裤
5058,5975,褦
5059,5977,褶
5060,5978,亵
5061,5980,襄
5062,5981,衮
5063,5982,襁
5064,5983,袢
5065,5984,袄
5066,5988,褒
5067,5990,裣
5068,5991,裆
5069,5992,襟
5070,5993,襦
5071,5996,褴
5072,5997,褛
5073,6000,衬
5074,6002,袭
5075,6004,襶
5076,6006,襾
5077,6007,西
5078,6008,要
5079,6009,覃
5080,6010,覆
5081,6014,镎
5082,6015,见
5083,6016,规
5084,6017,觅
5085,6018,视
5086,6019,觇
5087,6021,觋
5088,6022,觎
5089,6024,亲
5090,6025,觊
5091,6026,觏
5092,6027,觐
5093,6028,觑
5094,6029,觃
5095,6030,觉
5096,6031,览
5097,6032,觌
5098,6033,觍
5099,6034,观
5100,6036,氖
5101,6037,角
5102,6038,觔
5103,6039,觖
5104,6040,觚
5105,6043,解
5106,6044,觥
5107,6046,觫
5108,6048,觱
5109,6049,觳
5110,6050,觞
5111,6051,触
5112,6055,萘
5113,6056,言
5114,6057,订
5115,6058,讣
5116,6059,訇
5117,6060,计
5118,6061,讯
5119,6062,讨
5120,6063,讦
5121,6064,训
5122,6065,讪
5123,6066,讫
5124,6067,讬
5125,6068,记
5126,6069,讧
5127,6072,讱
5128,6073,讹
5129,6074,讶
5130,6075,讼
5131,6076,诀
5132,6077,讷
5133,6078,访
5134,6079,许
5135,6080,设
5136,6081,讻
5137,6083,诉
5138,6084,诃
5139,6085,诊
5140,6086,证
5141,6088,訾
5142,6089,诂
5143,6090,诋
5144,6091,詈
5145,6093,讵
5146,6094,诈
5147,6095,诒
5148,6096,诏
5149,6097,评
5150,6099,诎
5151,6100,诅
5152,6101,词
5153,6103,诩
5154,6104,询
5155,6105,诣
5156,6107,试
5157,6108,诗
5158,6109,诧
5159,6110,诟
5160,6111,诡
5161,6112,诠
5162,6113,诘
5163,6114,话
5164,6115,该
5165,6116,详
5166,6117,诙
5167,6118,诖
5168,6119,诓
5169,6120,诔
5170,6121,诛
5171,6124,詹
5172,6126,认
5173,6128,诳
5174,6129,誓
5175,6130,诞
5176,6131,诱
5177,6132,诮
5178,6133,语
5179,6134,诚
5180,6135,诫
5181,6136,诬
5182,6137,误
5183,6138,诰
5184,6139,诵
5185,6140,诲
5186,6141,说
5187,6142,谁
5188,6143,课
5189,6144,谇
5190,6145,诽
5191,6146,谊
5192,6147,訚
5193,6148,调
5194,6149,谄
5195,6150,谆
5196,6151,谈
5197,6152,诿
5198,6153,请
5199,6154,诤
5200,6155,诹
5201,6156,谅
5202,6157,诼
5203,6158,论
5204,6159,谂
5205,6161,谀
5206,6162,谞
5207,6163,谝
5208,6166,谔
5209,6167,谛
5210,6168,谐
5211,6169,谏
5212,6170,谕
5213,6171,谘
5214,6172,讳
5215,6173,谙
5216,6174,讽
5217,6175,诸
5218,6176,谚
5219,6178,谖
5220,6179,诺
5221,6180,谋
5222,6181,谒
5223,6182,谓
5224,6183,谍
5225,6186,谌
5226,6187,誊
5227,6188,诌
5228,6190,謇
5229,6192,谎
5230,6193,谜
5231,6194,谧
5232,6195,谑
5233,6196,谤
5234,6197,谦
5235,6198,谥
5236,6199,讲
5237,6200,谢
5238,6202,谣
5239,6204,谡
5240,6205,謦
5241,6206,谟
5242,6207,谪
5243,6208,谬
5244,6209,讴
5245,6210,谨
5246,6211,谩
5247,6216,谲
5248,6217,讥
5249,6220,谮
5250,6221,识
5251,6222,谯
5252,6223,谭
5253,6225,谱
5254,6226,警
5255,6228,谵
5256,6229,譬
5257,6230,译
5258,6231,议
5259,6232,谴
5260,6233,护
5261,6234,诪
5262,6235,誉
5263,6236,读
5264,6237,谫
5265,6239,变
5266,6241,雠
5267,6242,詟
5268,6243,谗
5269,6244,谶
5270,6245,让
5271,6249,谠
5272,6250,谳
5273,6253,谷
5274,6255,豁
5275,6257,硇
5276,6258,豆
5277,6259,岂
5278,6261,豌
5279,6262,豉
5280,6263,豇
5281,6269,豕
5282,6270,豚
5283,6272,象
5284,6273,豢
5285,6274,豨
5286,6275,豪
5287,6276,豫
5288,6278,豭
5289,6279,豳
5290,6281,铌
5291,6282,豸
5292,6283,豹
5293,6284,豺
5294,6285,貂
5295,6286,貆
5296,6287,貅
5297,6288,貉
5298,6289,貊
5299,6290,貌
5300,6293,貔
5301,6295,脲
5302,6296,贝
5303,6297,贞
5304,6298,负
5305,6299,财
5306,6300,贡
5307,6302,贫
5308,6303,货
5309,6304,贪
5310,6305,贩
5311,6306,贯
5312,6307,责
5313,6308,贮
5314,6310,贰
5315,6311,贵
5316,6312,贬
5317,6313,贷
5318,6314,买
5319,6315,贶
5320,6316,费
5321,6317,贴
5322,6318,贻
5323,6319,贸
5324,6320,贺
5325,6321,贲
5326,6322,贳
5327,6323,赂
5328,6324,赁
5329,6325,贿
5330,6326,赅
5331,6327,资
5332,6328,贾
5333,6329,贼
5334,6331,赈
5335,6332,赊
5336,6333,宾
5337,6334,赇
5338,6335,赒
5339,6336,赉
5340,6337,赐
5341,6339,赏
5342,6340,赍
5343,6341,赔
5344,6342,赓
5345,6343,贤
5346,6344,卖
5347,6345,贱
5348,6346,赋
5349,6347,质
5350,6348,账
5351,6350,赌
5352,6351,赖
5353,6352,赗
5354,6354,赚
5355,6355,赙
5356,6356,购
5357,6357,赛
5358,6358,赜
5359,6360,贽
5360,6361,赘
5361,6362,赠
5362,6363,赞
5363,6365,赡
5364,6366,赢
5365,6367,赆
5366,6368,赃
5367,6369,赑
5368,6370,赎
5369,6372,赝
5370,6373,赣
5371,6375,赤
5372,6376,赦
5373,6377,赧
5374,6378,赫
5375,6379,赭
5376,6380,赪
5377,6381,钕
5378,6382,走
5379,6383,赳
5380,6384,赴
5381,6385,赶
5382,6386,起
5383,6387,趁
5384,6388,趄
5385,6389,超
5386,6390,越
5387,6392,赵
5388,6393,趣
5389,6394,趑
5390,6395,趋
5391,6396,趟
5392,6397,蒎
5393,6398,足
5394,6399,趵
5395,6400,趾
5396,6402,趺
5397,6405,跋
5398,6407,跌
5399,6408,跎
5400,6409,跏
5401,6410,跑
5402,6412,跖
5403,6413,跚
5404,6414,跛
5405,6415,距
5406,6417,跫
5407,6418,跟
5408,6420,跣
5409,6421,跨
5410,6422,跪
5411,6423,跬
5412,6424,路
5413,6425,踩
5414,6426,跳
5415,6427,跽
5416,6428,踉
5417,6429,踊
5418,6431,踏
5419,6432,践
5420,6433,踔
5421,6434,踖
5422,6435,踝
5423,6436,踞
5424,6437,踢
5425,6438,踣
5426,6439,踧
5427,6441,踡
5428,6442,踟
5429,6443,踮
5430,6446,踵
5431,6447,踹
5432,6448,蹓
5433,6449,踽
5434,6450,蹁
5435,6451,蹂
5436,6452,蹄
5437,6453,踱
5438,6454,蹀
5439,6455,蹐
5440,6456,蹇
5441,6457,蹈
5442,6458,蹉
5443,6459,蹊
5444,6460,跃
5445,6461,跄
5446,6462,跸
5447,6464,蹙
5448,6466,蹒
5449,6471,蹯
5450,6472,蹲
5451,6473,蹴
5452,6474,蹶
5453,6475,跷
5454,6478,蹬
5455,6479,蹭
5456,6480,蹰
5457,6481,躁
5458,6483,躅
5459,6484,躇
5460,6485,趸
5461,6486,踌
5462,6487,跻
5463,6489,躐
5464,6490,踯
5465,6492,踬
5466,6494,跹
5467,6495,蹑
5468,6497,躏
5469,6498,蹦
5470,6500,身
5471,6501,躬
5472,6502,躭
5473,6503,躲
5474,6504,躯
5475,6507,躺
5476,6508,车
5477,6509,轧
5478,6510,轨
5479,6511,军
5480,6513,轩
5481,6514,轫
5482,6515,轭
5483,6516,软
5484,6517,轱
5485,6518,轸
5486,6519,轴
5487,6520,轵
5488,6521,轷
5489,6522,轶
5490,6523,轺
5491,6524,轼
5492,6525,较
5493,6526,辂
5494,6528,载
5495,6531,轾
5496,6532,辄
5497,6534,辅
5498,6535,轻
5499,6538,辆
5500,6539,辎
5501,6540,辉
5502,6541,辍
5503,6542,辇
5504,6543,辈
5505,6544,轮
5506,6545,辋
5507,6547,辊
5508,6549,辑
5509,6550,辏
5510,6551,输
5511,6553,辐
5512,6558,辗
5513,6559,舆
5514,6560,毂
5515,6561,辖
5516,6562,辕
5517,6564,辘
5518,6567,转
5519,6568,辙
5520,6569,轿
5521,6575,轰
5522,6576,辔
5523,6577,轹
5524,6578,轳
5525,6580,辛
5526,6581,辜
5527,6582,辟
5528,6584,辣
5529,6586,办
5530,6587,辨
5531,6588,辞
5532,6589,辩
5533,6590,耪
5534,6591,辰
5535,6592,辱
5536,6593,农
5537,6594,狍
5538,6595,辵
5539,6596,迂
5540,6597,迄
5541,6598,迅
5542,6601,迎
5543,6602,近
5544,6603,迓
5545,6604,返
5546,6606,迢
5547,6607,迤
5548,6608,迥
5549,6609,迦
5550,6610,迨
5551,6611,迪
5552,6612,迫
5553,6613,迭
5554,6614,逄
5555,6615,述
5556,6617,迷
5557,6618,迸
5558,6619,迹
5559,6620,追
5560,6621,迺
5561,6622,退
5562,6623,送
5563,6624,适
5564,6625,逃
5565,6626,逅
5566,6627,逆
5567,6628,逋
5568,6629,逯
5569,6630,逍
5570,6631,透
5571,6632,逐
5572,6633,逑
5573,6634,途
5574,6635,迳
5575,6636,逖
5576,6637,逗
5577,6638,这
5578,6639,通
5579,6640,逛
5580,6641,逝
5581,6642,逞
5582,6643,速
5583,6644,造
5584,6645,逡
5585,6646,逢
5586,6647,连
5587,6648,逭
5588,6649,逮
5589,6651,进
5590,6652,逵
5591,6653,逶
5592,6654,逸
5593,6656,逼
5594,6657,遇
5595,6658,遁
5596,6659,遂
5597,6660,遄
5598,6661,逾
5599,6663,运
5600,6664,遍
5601,6665,过
5602,6666,遏
5603,6667,遐
5604,6668,遑
5605,6669,遒
5606,6670,道
5607,6671,达
5608,6672,违
5609,6673,遘
5610,6674,遥
5611,6675,遛
5612,6676,逊
5613,6677,递
5614,6678,远
5615,6680,遣
5616,6681,遢
5617,6683,遨
5618,6685,遭
5619,6686,遮
5620,6688,迟
5621,6689,遴
5622,6690,遵
5623,6692,迁
5624,6693,选
5625,6695,遗
5626,6697,辽
5627,6698,遽
5628,6699,避
5629,6700,邀
5630,6701,迈
5631,6702,邂
5632,6703,还
5633,6705,迩
5634,6706,邃
5635,6707,邈
5636,6708,边
5637,6709,逻
5638,6710,逦
5639,6711,疱
5640,6712,邑
5641,6713,邛
5642,6714,邗
5643,6715,邙
5644,6716,邕
5645,6717,邢
5646,6719,那
5647,6720,邡
5648,6721,邦
5649,6722,邨
5650,6723,邪
5651,6724,邠
5652,6725,邯
5653,6726,邱
5654,6728,邴
5655,6729,邳
5656,6730,邵
5657,6731,邶
5658,6732,邸
5659,6733,邰
5660,6734,邽
5661,6735,郁
5662,6736,郅
5663,6737,郇
5664,6738,郊
5665,6740,郃
5666,6741,郗
5667,6742,郄
5668,6744,郛
5669,6745,郎
5670,6746,郡
5671,6747,郢
5672,6748,郤
5673,6750,郜
5674,6751,郏
5675,6752,部
5676,6753,郭
5677,6754,郴
5678,6755,邮
5679,6756,郯
5680,6757,都
5681,6758,郿
5682,6759,鄂
5683,6760,邹
5684,6761,鄄
5685,6762,邬
5686,6763,乡
5687,6764,鄌
5688,6765,郧
5689,6766,鄙
5690,6768,鄢
5691,6769,鄞
5692,6770,鄠
5693,6771,鄜
5694,6772,邓
5695,6774,郑
5696,6775,邻
5697,6776,鄱
5698,6777,邺
5699,6778,郐
5700,6779,郸
5701,6781,鄯
5702,6782,邝
5703,6783,酂
5704,6784,酃
5705,6785,酆
5706,6786,郦
5707,6787,郝
5708,6788,酉
5709,6789,酊
5710,6790,酋
5711,6791,酌
5712,6792,配
5713,6793,酎
5714,6794,酒
5715,6796,酗
5716,6797,酢
5717,6798,酥
5718,6799,酣
5719,6800,酤
5720,6801,酡
5721,6802,酩
5722,6803,酪
5723,6804,酬
5724,6805,酲
5725,6806,酵
5726,6807,酷
5727,6808,酸
5728,6809,酴
5729,6810,酹
5730,6811,酞
5731,6813,醅
5732,6815,醇
5733,6816,醉
5734,6818,醋
5735,6819,醍
5736,6820,醐
5737,6821,醒
5738,6824,酝
5739,6826,醢
5740,6828,醪
5741,6829,医
5742,6830,酱
5743,6831,醮
5744,6832,醯
5745,6833,醴
5746,6835,醵
5747,6836,醺
5748,6840,酿
5749,6844,锫
5750,6845,釆
5751,6846,采
5752,6847,释
5753,6848,釉
5754,6849,里
5755,6850,重
5756,6851,野
5757,6852,量
5758,6854,锌
5759,6855,金
5760,6856,钊
5761,6857,钉
5762,6858,釜
5763,6859,针
5764,6860,钓
5765,6861,钏
5766,6862,钙
5767,6865,钗
5768,6867,钯
5769,6868,钝
5770,6869,钩
5771,6870,钤
5772,6871,钠
5773,6872,钞
5774,6873,钮
5775,6874,钧
5776,6875,铃
5777,6876,钹
5778,6877,钰
5779,6879,钿
5780,6880,钜
5781,6881,铉
5782,6883,钳
5783,6884,铅
5784,6885,钺
5785,6886,钵
5786,6888,铇
5787,6889,铏
5788,6890,铰
5789,6891,钲
5790,6892,银
5791,6893,铳
5792,6894,铜
5793,6895,钴
5794,6896,铂
5795,6897,铣
5796,6898,铨
5797,6899,铢
5798,6900,铭
5799,6901,铦
5800,6902,衔
5801,6903,铫
5802,6904,锐
5803,6905,钾
5804,6906,销
5805,6907,锈
5806,6908,锉
5807,6909,铹
5808,6910,铤
5809,6911,铗
5810,6912,锋
5811,6913,锓
5812,6914,铀
5813,6915,锄
5814,6916,铓
5815,6917,铺
5816,6918,铻
5817,6920,锯
5818,6921,钢
5819,6922,录
5820,6923,锥
5821,6924,锟
5822,6925,锤
5823,6926,锱
5824,6927,铮
5825,6928,锭
5826,6929,钱
5827,6930,锦
5828,6931,锚
5829,6932,锡
5830,6933,锢
5831,6934,错
5832,6935,锛
5833,6936,锜
5834,6938,锅
5835,6939,锻
5836,6940,铋
5837,6941,铵
5838,6942,锹
5839,6943,键
5840,6945,锺
5841,6946,锴
5842,6947,镀
5843,6948,锷
5844,6949,锽
5845,6950,锸
5846,6951,锲
5847,6953,锾
5848,6956,锁
5849,6959,锘
5850,6961,镃
5851,6963,铠
5852,6964,镐
5853,6965,镒
5854,6966,镇
5855,6967,镑
5856,6968,镞
5857,6969,链
5858,6970,镝
5859,6971,鏖
5860,6972,铿
5861,6973,锵
5862,6974,镗
5863,6975,镜
5864,6976,镘
5865,6977,镖
5866,6978,镛
5867,6979,镂
5868,6980,铲
5869,6982,锑
5870,6983,錾
5871,6984,铙
5872,6985,铧
5873,6986,铝
5874,6987,镪
5875,6988,钟
5876,6989,镫
5877,6990,镌
5878,6991,镰
5879,6992,镯
5880,6993,铁
5881,6994,镮
5882,6995,铎
5883,6996,镍
5884,6997,铛
5885,6999,铸
5886,7000,镬
5887,7001,镔
5888,7003,鉴
5889,7005,钨
5890,7007,铄
5891,7009,镳
5892,7011,钥
5893,7012,镭
5894,7013,镶
5895,7015,镊
5896,7017,锣
5897,7019,銮
5898,7020,凿
5899,7021,锰
5900,7022,长
5901,7023,蜱
5902,7024,门
5903,7025,闩
5904,7026,闪
5905,7027,闫
5906,7028,闭
5907,7029,闬
5908,7030,开
5909,7031,闳
5910,7032,闰
5911,7033,闲
5912,7035,间
5913,7036,闵
5914,7037,闸
5915,7039,阂
5916,7041,阁
5917,7042,阀
5918,7043,闺
5919,7044,闽
5920,7045,阃
5921,7046,阆
5922,7047,闾
5923,7048,阅
5924,7049,阊
5925,7050,阉
5926,7051,阎
5927,7052,阏
5928,7053,阍
5929,7054,阈
5930,7055,阒
5931,7057,闱
5932,7059,阔
5933,7060,阕
5934,7061,阑
5935,7062,阇
5936,7063,阗
5937,7064,阌
5938,7065,闿
5939,7066,阖
5940,7067,阙
5941,7068,闯
5942,7070,关
5943,7072,阓
5944,7073,阐
5945,7074,阚
5946,7076,阛
5947,7077,闼
5948,7079,阜
5949,7080,阝
5950,7082,阡
5951,7086,阮
5952,7088,阱
5953,7089,防
5954,7090,阪
5955,7091,阻
5956,7092,阼
5957,7093,阿
5958,7094,陀
5959,7095,陂
5960,7096,附
5961,7097,陋
5962,7098,限
5963,7099,陌
5964,7100,降
5965,7101,陔
5966,7102,陉
5967,7103,陛
5968,7104,陕
5969,7105,陞
5970,7106,陟
5971,7107,陡
5972,7108,院
5973,7109,阵
5974,7110,除
5975,7111,陪
5976,7112,陬
5977,7113,阴
5978,7114,陲
5979,7115,陈
5980,7116,陴
5981,7117,陵
5982,7118,陶
5983,7119,陷
5984,7120,陆
5985,7122,阳
5986,7124,隍
5987,7126,隅
5988,7127,隆
5989,7128,隈
5990,7129,陧
5991,7130,队
5992,7131,隋
5993,7132,阶
5994,7133,隔
5995,7134,陨
5996,7136,隗
5997,7137,隘
5998,7138,隙
5999,7139,际
6000,7140,障
6001,7143,隧
6002,7145,险
6003,7147,隰
6004,7148,隐
6005,7149,隳
6006,7150,陇
6007,7151,随
6008,7152,隶
6009,7154,苤
6010,7155,隹
6011,7156,隻
6012,7157,隼
6013,7158,雀
6014,7159,雁
6015,7160,雄
6016,7161,雅
6017,7162,集
6018,7163,雇
6019,7164,雉
6020,7165,隽
6021,7166,雌
6022,7167,雍
6023,7168,雎
6024,7170,雒
6025,7171,雕
6026,7172,巂
6027,7173,虽
6028,7174,雘
6029,7175,双
6030,7176,雏
6031,7177,杂
6032,7181,难
6033,7182,钷
6034,7183,雨
6035,7184,雩
6036,7185,雪
6037,7186,雯
6038,7190,零
6039,7191,雷
6040,7192,雹
6041,7193,电
6042,7194,需
6043,7195,霂
6044,7197,霄
6045,7198,霈
6046,7199,霉
6047,7200,霆
6048,7201,震
6049,7202,霍
6050,7203,霎
6051,7204,霏
6052,7206,霓
6053,7207,霖
6054,7208,霜
6055,7209,霞
6056,7212,雾
6057,7213,霰
6058,7214,霪
6059,7216,露
6060,7218,霸
6061,7219,霹
6062,7221,霁
6063,7223,霾
6064,7224,霭
6065,7225,雳
6066,7226,叇
6067,7227,灵
6068,7228,叆
6069,7230,青
6070,7231,靖
6071,7232,靓
6072,7233,靛
6073,7234,静
6074,7235,镤
6075,7236,非
6076,7237,靠
6077,7238,靡
6078,7239,氆
6079,7240,面
6080,7243,靥
6081,7244,钎
6082,7245,革
6083,7246,靳
6084,7247,靴
6085,7248,鞅
6086,7249,靶
6087,7250,靰
6088,7254,鞍
6089,7255,巩
6090,7256,鞋
6091,7258,鞘
6092,7260,鞡
6093,7263,鞠
6094,7265,鞫
6095,7267,鞭
6096,7268,鞮
6097,7271,鞲
6098,7272,鞴
6099,7275,鞑
6100,7277,鞯
6101,7278,羟
6102,7279,韦
6103,7280,韨
6104,7281,韩
6105,7282,韧
6106,7289,韪
6107,7290,韬
6108,7291,韫
6109,7294,炝
6110,7295,韭
6111,7299,音
6112,7300,韶
6113,7301,韵
6114,7305,苘
6115,7306,页
6116,7307,顶
6117,7308,顷
6118,7309,项
6119,7310,顸
6120,7311,顺
6121,7312,须
6122,7313,颂
6123,7314,颃
6124,7315,预
6125,7316,顽
6126,7317,颁
6127,7318,颔
6128,7319,顿
6129,7320,顼
6130,7322,颀
6131,7324,颇
6132,7325,领
6133,7327,颉
6134,7328,颐
6135,7329,颚
6136,7331,颏
6137,7333,头
6138,7334,颒
6139,7335,颊
6140,7336,颕
6141,7338,颈
6142,7339,颓
6143,7340,频
6144,7341,颗
6145,7344,题
6146,7345,额
6147,7346,颜
6148,7348,颛
6149,7350,颡
6150,7351,颠
6151,7352,类
6152,7354,颟
6153,7355,颢
6154,7357,顾
6155,7358,颤
6156,7359,显
6157,7360,颦
6158,7361,颅
6159,7362,颧
6160,7363,粬
6161,7364,风
6162,7366,飒
6163,7367,飓
6164,7368,飔
6165,7370,飏
6166,7371,飖
6167,7372,飕
6168,7373,飘
6169,7374,飙
6170,7375,飗
6171,7378,飞
6172,7379,醛
6173,7380,食
6174,7382,饥
6175,7383,饤
6176,7385,飧
6177,7386,饨
6178,7387,饪
6179,7388,饫
6180,7389,饬
6181,7390,饮
6182,7391,饭
6183,7392,饴
6184,7393,饲
6185,7394,饱
6186,7395,饰
6187,7396,饸
6188,7397,饹
6189,7398,饺
6190,7399,饼
6191,7400,饻
6192,7401,饷
6193,7402,养
6194,7403,饵
6195,7404,餐
6196,7405,饾
6197,7407,馁
6198,7408,饿
6199,7410,馂
6200,7411,馀
6201,7412,馄
6202,7414,馅
6203,7415,饯
6204,7416,饽
6205,7418,馍
6206,7419,馆
6207,7421,餮
6208,7424,饧
6209,7426,饩
6210,7429,馒
6211,7431,馑
6212,7432,馈
6213,7433,馔
6214,7437,饶
6215,7438,饔
6216,7439,饕
6217,7440,飨
6218,7441,餍
6219,7443,馋
6220,7445,首
6221,7446,馘
6222,7447,馗
6223,7448,炔
6224,7449,香
6225,7450,馥
6226,7451,馨
6227,7455,蛲
6228,7456,马
6229,7457,驭
6230,7458,冯
6231,7459,驰
6232,7460,驯
6233,7461,驮
6234,7462,驲
6235,7463,驳
6236,7465,驻
6237,7466,驽
6238,7467,驹
6239,7468,驾
6240,7469,骀
6241,7470,驸
6242,7471,驶
6243,7474,驼
6244,7475,驷
6245,7478,骈
6246,7480,骇
6247,7482,骆
6248,7484,骃
6249,7485,骎
6250,7486,骏
6251,7487,骔
6252,7488,骋
6253,7489,骓
6254,7490,骍
6255,7494,骑
6256,7496,骐
6257,7497,骛
6258,7499,骗
6259,7500,骢
6260,7505,骞
6261,7506,腾
6262,7507,驺
6263,7509,骟
6264,7510,骚
6265,7511,骝
6266,7512,骡
6267,7513,蓦
6268,7514,骜
6269,7515,骖
6270,7516,骠
6271,7517,驱
6272,7520,骅
6273,7522,骁
6274,7524,骄
6275,7525,骕
6276,7526,验
6277,7528,惊
6278,7531,驿
6279,7532,骤
6280,7533,驴
6281,7534,骧
6282,7535,骥
6283,7537,骊
6284,7539,骨
6285,7541,骶
6286,7542,肮
6287,7543,骱
6288,7544,骰
6289,7545,骷
6290,7546,骸
6291,7547,骼
6292,7549,髀
6293,7551,髅
6294,7553,髑
6295,7555,体
6296,7556,髋
6297,7557,髓
6298,7558,鞣
6299,7559,高
6300,7560,铷
6301,7561,髟
6302,7562,髡
6303,7565,髦
6304,7567,髫
6305,7568,髭
6306,7570,髯
6307,7571,鬃
6308,7573,髻
6309,7574,髹
6310,7576,鬈
6311,7580,鬐
6312,7583,鬘
6313,7587,鬟
6314,7588,鬣
6315,7589,鬓
6316,7591,鬥
6317,7594,阋
6318,7596,阄
6319,7597,铯
6320,7598,鬯
6321,7599,鬱
6322,7600,锶
6323,7601,鬲
6324,7605,鬻
6325,7607,鬼
6326,7608,魁
6327,7609,魂
6328,7610,魃
6329,7611,魄
6330,7613,魅
6331,7614,魏
6332,7617,魈
6333,7618,魍
6334,7619,魉
6335,7620,魑
6336,7621,魔
6337,7623,魇
6338,7624,唢
6339,7625,鱼
6340,7626,鱿
6341,7627,鲁
6342,7628,鲖
6343,7629,鲂
6344,7630,鲇
6345,7631,鲋
6346,7632,鲐
6347,7633,鲊
6348,7634,鲑
6349,7635,鲔
6350,7636,鲘
6351,7637,鲍
6352,7638,鲞
6353,7639,鲜
6354,7640,鲛
6355,7641,鲧
6356,7642,鲤
6357,7643,鲠
6358,7644,鲨
6359,7645,鲭
6360,7646,鲵
6361,7647,鲳
6362,7648,鲓
6363,7649,鲲
6364,7650,鲸
6365,7651,鲫
6366,7652,鲩
6367,7653,鳊
6368,7654,鲽
6369,7655,鳅
6370,7657,鲡
6371,7658,鳃
6372,7659,鳏
6373,7660,鳒
6374,7661,鲥
6375,7662,鳍
6376,7663,鳌
6377,7664,鲶
6378,7665,鳗
6379,7666,鳀
6380,7667,鳖
6381,7668,鳝
6382,7669,鲟
6383,7670,鲎
6384,7671,鲙
6385,7672,鳣
6386,7673,鳞
6387,7674,鳔
6388,7675,鳜
6389,7676,鳘
6390,7677,鲮
6391,7678,鲈
6392,7679,鲄
6393,7680,鸟
6394,7682,鸠
6395,7683,凫
6396,7685,凤
6397,7686,鸣
6398,7687,鸢
6399,7689,鸱
6400,7690,鸩
6401,7691,鸨
6402,7693,鸦
6403,7696,鸳
6404,7697,鸮
6405,7698,鸪
6406,7699,鸯
6407,7700,鸭
6408,7701,鸰
6409,7702,鸲
6410,7703,鸿
6411,7704,鸽
6412,7707,鸺
6413,7708,鹈
6414,7709,鹅
6415,7710,鹃
6416,7711,鹄
6417,7712,鹁
6418,7713,鹉
6419,7714,鹆
6420,7715,鹌
6421,7717,鹊
6422,7718,鹑
6423,7720,鹏
6424,7721,鹍
6425,7723,鹙
6426,7724,鹕
6427,7725,鹗
6428,7726,鹜
6429,7727,莺
6430,7729,鹤
6431,7731,鹡
6432,7732,鹚
6433,7733,鹒
6434,7735,鸧
6435,7737,鹘
6436,7738,鹣
6437,7739,鹢
6438,7740,鹞
6439,7741,鸡
6440,7743,鸥
6441,7744,鹧
6442,7746,鹥
6443,7747,鸷
6444,7748,鸶
6445,7750,鹫
6446,7751,鹰
6447,7752,鹭
6448,7753,鹪
6449,7754,鹩
6450,7756,鹬
6451,7757,鹯
6452,7759,鸴
6453,7760,鸬
6454,7761,鹦
6455,7762,鸾
6456,7764,鹳
6457,7765,鹂
6458,7767,卤
6459,7770,盐
6460,7771,鹾
6461,7772,熵
6462,7773,鹿
6463,7774,麂
6464,7775,铈
6465,7776,麀
6466,7778,麇
6467,7779,麈
6468,7780,麋
6469,7783,麑
6470,7784,麒
6471,7785,麓
6472,7787,丽
6473,7790,麝
6474,7792,麟
6475,7795,涮
6476,7796,麦
6477,7800,麹
6478,7801,蒴
6479,7802,麻
6480,7803,麽
6481,7804,麾
6482,7806,黄
6483,7808,黉
6484,7809,铊
6485,7810,黍
6486,7811,黏
6487,7812,黎
6488,7814,溚
6489,7815,黑
6490,7816,黔
6491,7817,默
6492,7818,黛
6493,7819,黜
6494,7820,点
6495,7821,黝
6496,7822,黠
6497,7823,黥
6498,7824,黧
6499,7826,黯
6500,7829,黡
6501,7830,黩
6502,7831,傣
6503,7832,黹
6504,7833,黻
6505,7834,黼
6506,7835,钛
6507,7836,黾
6508,7837,鼋
6509,7839,鼌
6510,7842,鼍
6511,7843,钽
6512,7844,鼎
6513,7845,鼐
6514,7847,鼒
6515,7849,鼓
6516,7851,鼗
6517,7853,鼙
6518,7856,羰
6519,7857,鼠
6520,7858,鼢
6521,7860,鼬
6522,7861,鼯
6523,7862,鼹
6524,7863,鼷
6525,7864,醣
6526,7865,鼻
6527,7867,鼾
6528,7870,铽
6529,7871,齐
6530,7872,斋
6531,7874,齑
6532,7875,菾
6533,7876,齿
6534,7877,龀
6535,7878,龁
6536,7879,龂
6537,7880,龃
6538,7881,龄
6539,7882,龆
6540,7883,龈
6541,7886,龉
6542,7887,龊
6543,7889,龋
6544,7890,腭
6545,7891,龌
6546,7893,龙
6547,7894,厐
6548,7895,龚
6549,7896,龛
6550,7897,舔
6551,7898,龟
6552,7899,烃
6553,7900,龠
6554,7903,楟
6555,7904,酮
6556,7905,茼
6557,7906,烔
6558,7907,钍
6559,7908,佤
6560,7909,烷
6561,7910,烯
6562,7911,螅
6563,7912,氙
6564,7913,酰
6565,7914,鳕
6566,7915,荨
6567,7916,垭
6568,7917,铱
6569,7918,钇
6570,7919,镱
6571,7920,铟
6572,7921,铕
6573,7923,鳟
6574,7924,蟑
6575,7925,礃
6576,7926,锗
6577,7927,酯
6578,8001,万
6579,8002,丘
6580,8003,乒
6581,8004,乓
6582,8005,甭
6583,8006,孬
6584,8010,么
6585,8012,乩
6586,8015,亍
6587,8016,亓
6588,8017,亘
6589,8021,仂
6590,8022,仉
6591,8024,伃
6592,8026,伽
6593,8028,伫
6594,8032,佼
6595,8034,佴
6596,8035,佫
6597,8037,侢
6598,8044,伣
6599,8045,俅
6600,8046,伡
6601,8051,侴
6602,8053,倢
6603,8055,倴
6604,8056,倔
6605,8059,偲
6606,8064,偬
6607,8067,偌
6608,8072,僬
6609,8079,儡
6610,8080,傩
6611,8093,党
6612,8094,凃
6613,8096,减
6614,8099,冨
6615,8104,剞
6616,8105,劂
6617,8106,刿
6618,8113,勋
6619,8116,匆
6620,8120,吋
6621,8123,吱
6622,8125,呎
6623,8126,听
6624,8131,咚
6625,8134,咥
6626,8135,哆
6627,8136,咻
6628,8139,呙
6629,8142,呗
6630,8143,唑
6631,8145,啗
6632,8146,唪
6633,8147,唼
6634,8148,啐
6635,8149,啍
6636,8150,唶
6637,8156,唝
6638,8165,啯
6639,8166,嘌
6640,8167,唠
6641,8168,噙
6642,8172,呒
6643,8174,哒
6644,8178,嚆
6645,8181,嚭
6646,8182,呖
6647,8183,噜
6648,8185,喾
6649,8186,啃
6650,8188,囝
6651,8189,囡
6652,8191,圊
6653,8197,圯
6654,8198,圪
6655,8199,壳
6656,8201,坻
6657,8205,坿
6658,8206,垇
6659,8208,垞
6660,8209,垤
6661,8210,垚
6662,8211,垌
6663,8213,垟
6664,8214,垕
6665,8217,埂
6666,8219,垸
6667,8222,埌
6668,8224,埕
6669,8230,堉
6670,8231,堎
6671,8232,堀
6672,8233,堌
6673,8237,塓
6674,8239,堍
6675,8241,埚
6676,8242,塬
6677,8243,塱
6678,8244,塝
6679,8245,堽
6680,8247,塥
6681,8250,墕
6682,8255,垱
6683,8259,墙
6684,8262,墒
6685,8263,垅
6686,8268,夼
6687,8280,姘
6688,8281,娒
6689,8289,婥
6690,8292,媄
6691,8293,媞
6692,8295,媮
6693,8296,婿
6694,8299,婳
6695,8300,娴
6696,8301,妩
6697,8302,嫒
6698,8304,孃
6699,8311,孖
6700,8320,屲
6701,8321,屴
6702,8322,屼
6703,8324,岙
6704,8325,岍
6705,8326,岜
6706,8327,岨
6707,8328,岬
6708,8329,岞
6709,8330,峃
6710,8331,峇
6711,8335,峱
6712,8338,崞
6713,8339,崮
6714,8342,崽
6715,8343,崴
6716,8344,峣
6717,8348,嶓
6718,8349,崄
6719,8354,岿
6720,8360,巯
6721,8363,幞
6722,8369,庄
6723,8373,廒
6724,8375,庼
6725,8381,异
6726,8382,弌
6727,8383,弎
6728,8384,甙
6729,8388,忪
6730,8421,扡
6731,8422,扦
6732,8423,抃
6733,8428,掰
6734,8429,拶
6735,8432,捃
6736,8436,挜
6737,8438,掮
6738,8439,揸
6739,8445,揎
6740,8448,揶
6741,8452,搢
6742,8453,揾
6743,8459,搡
6744,8464,摷
6745,8466,搿
6746,8469,挦
6747,8471,揿
6748,8473,掸
6749,8479,掱
6750,8489,敜
6751,8490,敫
6752,8494,斏
6753,8502,昀
6754,8504,昊
6755,8508,晟
6756,8510,晧
6757,8512,晾
6758,8513,暋
6759,8514,暌
6760,8518,晔
6761,8519,暧
6762,8530,杠
6763,8533,杅
6764,8537,杻
6765,8552,栝
6766,8557,桋
6767,8558,栒
6768,8559,栟
6769,8560,桬
6770,8565,枧
6771,8566,棑
6772,8569,棸
6773,8572,椑
6774,8574,楙
6775,8575,楀
6776,8576,楂
6777,8584,椝
6778,8586,椫
6779,8587,橇
6780,8589,檎
6781,8591,桪
6782,8592,枟
6783,8593,槜
6784,8594,檑
6785,8596,檴
6786,8599,橱
6787,8601,橥
6788,8603,榉
6789,8632,毚
6790,8633,毵
6791,8635,氞
6792,8636,氟
6793,8637,氨
6794,8638,氧
6795,8639,氥
6796,8640,氦
6797,8641,氢
6798,8642,氰
6799,8644,氮
6800,8645,氩
6801,8646,氕
6802,8647,氘
6803,8648,氚
6804,8659,氿
6805,8660,汆
6806,8661,沄
6807,8662,沇
6808,8671,洴
6809,8673,涌
6810,8677,浤
6811,8680,浼
6812,8681,淖
6813,8685,淠
6814,8688,沨
6815,8692,渌
6816,8693,淼
6817,8694,渲
6818,8697,溏
6819,8700,溴
6820,8701,滉
6821,8702,滏
6822,8708,漷
6823,8709,澉
6824,8712,沵
6825,8714,滢
6826,8715,瀌
6827,8731,灺
6828,8732,炅
6829,8741,烱
6830,8743,焯
6831,8746,焱
6832,8759,熳
6833,8761,燋
6834,8763,烨
6835,8781,牮
6836,8786,犇
6837,8787,犄
6838,8799,狨
6839,8805,猆
6840,8811,猃
6841,8813,猕
6842,8814,獾
6843,8819,玥
6844,8823,珺
6845,8825,琼
6846,8826,琷
6847,8827,琰
6848,8828,珐
6849,8829,珲
6850,8830,瑄
6851,8831,瑂
6852,8832,瑔
6853,8833,瑢
6854,8834,琏
6855,8835,瑭
6856,8840,璩
6857,8842,瑷
6858,8853,甏
6859,8858,畈
6860,8859,疃
6861,8864,疢
6862,8871,痤
6863,8873,瘃
6864,8875,瘄
6865,8876,瘈
6866,8877,瘌
6867,8880,瘭
6868,8883,瘅
6869,8884,癒
6870,8895,癿
6871,8901,盹
6872,8904,眚
6873,8905,眢
6874,8915,睽
6875,8918,瞟
6876,8919,瞫
6877,8926,矬
6878,8928,矽
6879,8931,砢
6880,8932,砣
6881,8933,砠
6882,8935,砝
6883,8938,砷
6884,8943,硐
6885,8944,硅
6886,8947,硭
6887,8948,硪
6888,8951,碚
6889,8955,碳
6890,8956,碶
6891,8962,磡
6892,8965,硚
6893,8968,礞
6894,8969,硷
6895,8970,硒
6896,8981,禚
6897,8983,禤
6898,8993,稖
6899,9002,窿
6900,9005,竜
6901,9010,筘
6902,9018,篥
6903,9020,簉
6904,9023,簰
6905,9024,籝
6906,9035,粞
6907,9036,粦
6908,9037,粮
6909,9040,粽
6910,9041,糅
6911,9048,糌
6912,9053,纼
6913,9055,纰
6914,9057,绁
6915,9064,绲
6916,9065,缂
6917,9069,绬
6918,9071,缑
6919,9088,罾
6920,9090,芈
6921,9107,聱
6922,9112,肪
6923,9113,胛
6924,9115,脉
6925,9116,胆
6926,9120,脞
6927,9126,脖
6928,9131,腌
6929,9136,膘
6930,9140,臑
6931,9141,膑
6932,9152,舢
6933,9153,舨
6934,9154,舺
6935,9166,茓
6936,9167,芘
6937,9171,荅
6938,9173,茬
6939,9174,莦
6940,9181,荝
6941,9185,葠
6942,9186,蓪
6943,9190,苁
6944,9191,蓷
6945,9195,薸
6946,9213,虒
6947,9223,蚬
6948,9227,蝓
6949,9230,蝤
6950,9231,螓
6951,9236,螗
6952,9237,螵
6953,9240,蟢
6954,9241,蠋
6955,9242,蛴
6956,9244,蠭
6957,9260,裢
6958,9268,襞
6959,9278,觜
6960,9287,诇
6961,9294,诨
6962,9300,谉
6963,9301,谰
6964,9317,豮
6965,9322,贠
6966,9328,趱
6967,9332,跤
6968,9337,踦
6969,9338,踪
6970,9345,蹩
6971,9349,蹼
6972,9351,躞
6973,9363,轲
6974,9368,辚
6975,9374,迮
6976,9380,邋
6977,9386,邘
6978,9390,郈
6979,9392,郚
6980,9395,郫
6981,9398,郓
6982,9401,郾
6983,9409,鄚
6984,9410,鄣
6985,9428,醑
6986,9432,酾
6987,9433,酽
6988,9437,钋
6989,9438,钐
6990,9440,钒
6991,9442,钑
6992,9443,钫
6993,9445,钭
6994,9446,钘
6995,9448,铍
6996,9449,钻
6997,9450,铆
6998,9453,钼
6999,9456,铐
7000,9459,铬
7001,9462,鋆
7002,9465,锂
7003,9467,锒
7004,9468,钡
7005,9472,铔
7006,9475,锨
7007,9477,锬
7008,9478,锖
7009,9480,锠
7010,9481,锞
7011,9482,鍪
7012,9484,铡
7013,9485,镁
7014,9486,钖
7015,9487,锳
7016,9490,镏
7017,9493,镉
7018,9494,铩
7019,9495,鏊
7020,9496,蓥
7021,9497,鎏
7022,9503,镦
7023,9505,锏
7024,9506,镨
7025,9507,镣
7026,9509,镡
7027,9510,镢
7028,9514,锧
7029,9515,鑫
7030,9527,闹
7031,9532,阽
7032,9552,靔
7033,9555,靺
7034,9557,靼
7035,9560,鞨
7036,9576,颋
7037,9577,颌
7038,9581,颙
7039,9594,饦
7040,9600,馊
7041,9601,馎
7042,9606,馃
7043,9615,驵
7044,9622,骦
7045,9623,骉
7046,9629,髁
7047,9639,鲀
7048,9641,鲅
7049,9643,鲒
7050,9646,鲰
7051,9647,鲻
7052,9648,鲷
7053,9649,鲗
7054,9650,鳇
7055,9651,鲝
7056,9652,鳆
7057,9653,鳄
7058,9654,鲢
7059,9655,鲦
7060,9656,鲱
7061,9657,鲴
7062,9658,鳁
7063,9660,鳎
7064,9661,鳢
7065,9662,鲚
7066,9663,鳙
7067,9664,鳠
7068,9665,鲿
7069,9667,鳛
7070,9676,鸵
7071,9677,鹓
7072,9679,鹖
7073,9681,鹔
7074,9684,鹴
7075,9690,麸
7076,9694,黟
7077,9701,㋀
7078,9702,㋁
7079,9703,㋂
7080,9704,㋃
7081,9705,㋄
7082,9706,㋅
7083,9707,㋆
7084,9708,㋇
7085,9709,㋈
7086,9710,㋉
7087,9711,㋊
7088,9712,㋋
7089,9720,ㄅ
7090,9721,ㄆ
7091,9722,ㄇ
7092,9723,ㄈ
7093,9724,ㄉ
7094,9725,ㄊ
7095,9726,ㄋ
7096,9727,ㄌ
7097,9728,ㄍ
7098,9729,ㄎ
7099,9730,ㄏ
7100,9731,ㄐ
7101,9732,ㄑ
7102,9733,ㄒ
7103,9734,ㄓ
7104,9735,ㄔ
7105,9736,ㄕ
7106,9737,ㄖ
7107,9738,ㄗ
7108,9739,ㄘ
7109,9740,ㄙ
7110,9741,ㄧ
7111,9742,ㄨ
7112,9743,ㄩ
7113,9744,ㄚ
7114,9745,ㄛ
7115,9746,ㄜ
7116,9747,ㄝ
7117,9748,ㄞ
7118,9749,ㄟ
7119,9750,ㄠ
7120,9751,ㄡ
7121,9752,ㄢ
7122,9753,ㄣ
7123,9754,ㄤ
7124,9755,ㄥ
7125,9756,ㄦ
7126,9768,А
7127,9769,Б
7128,9770,В
7129,9771,Г
7130,9772,Д
7131,9773,Е
7132,9774,Ж
7133,9775,З
7134,9776,И
7135,9777,К
7136,9778,Л
7137,9779,М
7138,9780,Н
7139,9781,О
7140,9782,П
7141,9783,Р
7142,9784,С
7143,9785,Т
7144,9786,У
7145,9787,Ф
7146,9788,Х
7147,9789,Ц
7148,9790,Ч
7149,9791,Ш
7150,9792,Щ
7151,9793,Э
7152,9794,Ю
7153,9795,Я
7154,9796,Ъ
7155,9797,Ы
7156,9798,Ь
7157,9799,Й
7158,9800,㍘
7159,9801,㍙
7160,9802,㍚
7161,9803,㍛
7162,9804,㍜
7163,9805,㍝
7164,9806,㍞
7165,9807,㍟
7166,9808,㍠
7167,9809,㍡
7168,9810,㍢
7169,9811,㍣
7170,9812,㍤
7171,9813,㍥
7172,9814,㍦
7173,9815,㍧
7174,9816,㍨
7175,9817,㍩
7176,9818,㍪
7177,9819,㍫
7178,9820,㍬
7179,9821,㍭
7180,9822,㍮
7181,9823,㍯
7182,9824,㍰
7183,9874,Ａ
7184,9875,Ｂ
7185,9876,Ｃ
7186,9877,Ｄ
7187,9878,Ｅ
7188,9879,Ｆ
7189,9880,Ｇ
7190,9881,Ｈ
7191,9882,Ｉ
7192,9883,Ｊ
7193,9884,Ｋ
7194,9885,Ｌ
7195,9886,Ｍ
7196,9887,Ｎ
7197,9888,Ｏ
7198,9889,Ｐ
7199,9890,Ｑ
7200,9891,Ｒ
7201,9892,Ｓ
7202,9893,Ｔ
7203,9894,Ｕ
7204,9895,Ｖ
7205,9896,Ｗ
7206,9897,Ｘ
7207,9898,Ｙ
7208,9899,Ｚ
7209,9901,㏠
7210,9902,㏡
7211,9903,㏢
7212,9904,㏣
7213,9905,㏤
7214,9906,㏥
7215,9907,㏦
7216,9908,㏧
7217,9909,㏨
7218,9910,㏩
7219,9911,㏪
7220,9912,㏫
7221,9913,㏬
7222,9914,㏭
7223,9915,㏮
7224,9916,㏯
7225,9917,㏰
7226,9918,㏱
7227,9919,㏲
7228,9920,㏳
7229,9921,㏴
7230,9922,㏵
7231,9923,㏶
7232,9924,㏷
7233,9925,㏸
7234,9926,㏹
7235,9927,㏺
7236,9928,㏻
7237,9929,㏼
7238,9930,㏽
7239,9931,㏾
7240,9941,Ⅰ
7241,9942,Ⅱ
7242,9943,Ⅲ
7243,9944,Ⅳ
7244,9945,Ⅴ
7245,9946,Ⅵ
7246,9947,Ⅶ
7247,9948,Ⅷ
7248,9949,Ⅸ
7249,9950,Ⅹ
7250,9959,Ω
7251,9960,０
7252,9961,１
7253,9962,２
7254,9963,３
7255,9964,４
7256,9965,５
7257,9966,６
7258,9967,７
7259,9968,８
7260,9969,９
7261,9970,／
7262,9971,＋
7263,9972,－
7264,9973,×
7265,9974,÷
7266,9975,。
7267,9976,，
7268,9977,、
7269,9978,·
7270,9979,；
7271,9980,：
7272,9981,？
7273,9982,！
7274,9983,＝
7275,9984,‘
7276,9985,’
7277,9986,“
7278,9987,”
7279,9988,（
7280,9989,）
7281,9990,—
7282,9991,…
7283,9996,《
7284,9997,》
7285,9998,　
7286,9999,〷
